k-NN,SVM,DT
6.183184416,0.9244779221,1.053563636
6.183937662,0.954587013,1.720051948
6.182924675,0.9498857143,1.720093506
6.18385974,0.9612571429,1.720342857
6.182509091,0.9460779221,NaN
6.182311688,0.9315428571,NaN
6.181683117,0.9430233766,NaN
6.181298701,0.9427844156,NaN
6.181122078,0.942561039,NaN
6.181194805,0.9387012987,NaN
6.181683117,0.9349506494,NaN
6.181111688,0.9237558442,NaN
6.181007792,0.9247896104,NaN
6.182114286,0.9220935065,NaN
6.181298701,0.9293038961,NaN
6.181080519,0.926587013,NaN
6.180727273,0.9251636364,NaN
6.180441558,0.9186025974,NaN
6.180987013,0.8451376623,NaN
6.180774026,0.7891480519,NaN
6.179064935,0.7693558442,NaN
6.179116883,0.7623844156,NaN
6.179475325,0.747787013,NaN
6.179184416,0.7942077922,NaN
6.179620779,0.7887116883,NaN
6.178872727,0.7761298701,NaN
6.178976623,0.7712103896,NaN
6.179646753,0.7577558442,NaN
6.179818182,0.8419220779,NaN
6.180290909,0.8416831169,NaN
6.180041558,0.8410077922,NaN
6.180503896,0.8389506494,NaN
6.178831169,0.8468727273,NaN
6.180119481,0.8652519481,NaN
6.180181818,0.8588415584,NaN
6.180202597,0.8576051948,NaN
6.179303896,0.8620415584,NaN
6.179838961,0.8514337662,NaN
6.17972987,0.8480103896,NaN
6.179854545,0.8482025974,NaN
6.180161039,0.8480415584,NaN
6.177574026,0.8557194805,NaN
6.178358442,0.8461402597,NaN
6.177792208,0.8462337662,NaN
6.177854545,0.8616675325,NaN
6.178187013,0.8518597403,NaN
6.177693506,0.8396779221,NaN
6.177875325,0.8422805195,NaN
6.177532468,0.8393662338,NaN
6.178046753,0.8509246753,NaN
6.17707013,0.8431272727,NaN
6.179153247,0.8150545455,NaN
6.070285714,0.7730545455,NaN
6.039646753,0.7603844156,NaN
6.038327273,0.6986805195,NaN
6.038451948,0.7438493506,NaN
6.037501299,0.7529506494,NaN
6.038025974,0.7378441558,NaN
6.037262338,0.7029402597,NaN
6.240197403,0.7023844156,NaN
6.220005195,0.7599584416,NaN
6.142535065,0.7431116883,NaN
6.177007792,0.7170285714,NaN
6.177594805,0.7137662338,NaN
6.177423377,0.7153558442,NaN
6.177236364,0.7333454545,NaN
6.176342857,0.7245038961,NaN
6.176706494,0.7235480519,NaN
6.177319481,0.7411428571,NaN
6.177319481,0.7318441558,NaN
6.177490909,0.7103532468,NaN
6.176664935,0.7108623377,NaN
6.177532468,0.7100311688,NaN
6.175776623,0.7172155844,NaN
6.175579221,0.7002181818,NaN
6.175397403,0.6991584416,NaN
6.176041558,0.6979636364,NaN
6.176098701,0.688612987,NaN
6.175262338,0.6202441558,NaN
6.175937662,0.5954753247,NaN
6.174992208,0.5858077922,NaN
6.175693506,0.6144415584,NaN
6.1764,0.6125350649,NaN
6.174820779,0.6269662338,NaN
6.175303896,0.6053922078,NaN
6.175433766,0.6815272727,NaN
6.175023377,0.6907324675,NaN
6.17625974,0.7240311688,NaN
6.175355844,0.7258233766,NaN
6.175677922,0.7229454545,NaN
6.1756,0.7279636364,NaN
6.175361039,0.7323064935,NaN
6.175849351,0.7701714286,NaN
6.175064935,0.7569766234,NaN
6.175615584,0.7524675325,NaN
6.17545974,0.7512779221,NaN
6.174727273,0.7505558442,NaN
6.175407792,0.769387013,NaN
6.174935065,0.7430805195,NaN
6.175350649,0.7437766234,NaN
6.174924675,0.7485402597,NaN
6.175168831,0.7486597403,NaN
6.174841558,0.7313558442,NaN
6.174815584,0.7318909091,NaN
6.175532468,0.7317142857,NaN
6.174794805,0.7501194805,NaN
6.173979221,0.730612987,NaN
6.175038961,0.7359376623,NaN
6.173838961,0.7533974026,NaN
6.174945455,0.7671324675,NaN
6.174716883,0.7287324675,NaN
6.175246753,0.7188467532,NaN
6.174935065,0.7085662338,NaN
6.175267532,0.8021298701,NaN
6.175038961,0.798612987,NaN
6.174431169,0.7992571429,NaN
6.175090909,0.7970285714,NaN
6.174503896,0.8210181818,NaN
6.174997403,0.8092363636,NaN
6.175251948,0.7895948052,NaN
6.174161039,0.7909818182,NaN
6.174503896,0.7831324675,NaN
6.174888312,0.7811896104,NaN
6.17545974,0.7784571429,NaN
6.173709091,0.827574026,NaN
6.173766234,0.8254961039,NaN
6.175693506,0.8263168831,NaN
6.175745455,0.8237246753,NaN
6.17478961,0.8234233766,NaN
6.174737662,0.7531584416,NaN
6.17505974,0.7504207792,NaN
6.175080519,0.7503896104,NaN
6.174405195,0.7513922078,NaN
6.174337662,0.7524103896,NaN
6.174566234,0.7493662338,NaN
6.174748052,0.7484103896,NaN
6.174212987,0.7407012987,NaN
6.175049351,0.7484103896,NaN
6.174493506,0.7494181818,NaN
6.173818182,0.750612987,NaN
6.174353247,0.7491896104,NaN
6.174462338,0.7588467532,NaN
6.174654545,0.7477090909,NaN
6.172680519,0.7475636364,NaN
6.173662338,0.7466025974,NaN
6.173932468,0.7461142857,NaN
6.174124675,0.7453194805,NaN
6.173802597,0.7470285714,NaN
6.173651948,0.7511896104,NaN
6.174384416,0.7462701299,NaN
6.173506494,0.7441090909,NaN
6.17454026,0.7446597403,NaN
6.173745455,0.7371272727,NaN
6.173958442,0.7490909091,NaN
6.173558442,0.7474909091,NaN
6.173485714,0.7786909091,NaN
6.17361039,0.8027532468,NaN
6.173922078,0.7960883117,NaN
6.17361039,0.7550233766,NaN
6.17385974,0.792025974,NaN
6.173387013,0.7923948052,NaN
6.17401039,0.7951896104,NaN
6.173179221,0.8130753247,NaN
6.173075325,0.8158961039,NaN
6.173558442,0.8346493506,NaN
6.173288312,0.832238961,NaN
6.173922078,0.8448831169,NaN
6.172555844,0.841574026,NaN
6.173620779,0.8364675325,NaN
6.173781818,0.8338909091,NaN
6.061251948,0.8337766234,NaN
6.16347013,0.8580207792,NaN
6.164348052,0.9908103896,NaN
6.165605195,0.9972363636,NaN
6.165303896,0.9968415584,NaN
6.165594805,0.9968623377,NaN
6.166119481,0.9896831169,NaN
6.165932468,0.9931896104,NaN
6.165688312,0.9974025974,NaN
6.165132468,0.9972519481,NaN
6.166420779,0.9946493506,NaN
6.165776623,0.9968675325,NaN
6.165080519,0.9920935065,NaN
6.165293506,0.9871792208,NaN
6.165766234,0.9909714286,NaN
6.164981818,0.9892831169,NaN
6.165787013,0.9879948052,NaN
6.165303896,0.9862441558,NaN
6.165464935,0.9828883117,NaN
6.165937662,0.9731688312,NaN
6.165350649,0.9776779221,NaN
6.166161039,0.9850233766,NaN
6.165787013,0.9817454545,NaN
6.165012987,0.9150597403,NaN
6.165293506,0.8392883117,NaN
6.165948052,0.8392987013,NaN
6.190737662,0.8387948052,NaN
6.174046753,0.8402597403,NaN
6.175771429,1.021438961,NaN
6.178612987,0.9773454545,NaN
6.17918961,0.9769038961,NaN
6.178509091,0.9757246753,NaN
6.178057143,0.9753922078,NaN
6.178,0.9767220779,NaN
6.17852987,0.9753922078,NaN
6.179122078,0.9763688312,NaN
6.178015584,0.9742545455,NaN
6.178680519,0.9665818182,NaN
6.178384416,0.9585506494,NaN
6.178358442,0.9672415584,NaN
6.178509091,0.9676363636,NaN
6.178327273,0.9574493506,NaN
6.1788,0.9550441558,NaN
6.178576623,0.9673350649,NaN
6.177454545,0.9841038961,NaN
6.177553247,0.9753922078,NaN
6.178114286,0.991838961,NaN
6.178633766,0.9863636364,NaN
6.177979221,0.9852363636,NaN
6.17798961,0.9824987013,NaN
6.178867532,0.9828207792,NaN
6.178041558,0.9836467532,NaN
6.193023377,0.9760103896,NaN
6.193563636,0.9707428571,NaN
6.193916883,0.9614805195,NaN
6.1928,0.9535532468,NaN
6.192114286,0.9290597403,NaN
6.193444156,0.9389350649,NaN
6.193433766,0.9378753247,NaN
6.193584416,0.9943480519,NaN
6.193574026,1.011792208,NaN
6.193101299,1.009449351,NaN
6.193745455,1.011625974,NaN
6.19292987,1.010872727,NaN
6.193137662,1.014420779,NaN
6.193906494,1.013584416,NaN
6.193594805,0.9961038961,NaN
6.193272727,1.000192208,NaN
6.193496104,0.9926753247,NaN
6.193257143,0.9935896104,NaN
6.193293506,0.9987480519,NaN
6.19281039,0.9932519481,NaN
6.193418182,0.9939792208,NaN
6.193948052,0.990987013,NaN
6.193677922,0.9910025974,NaN
6.193496104,0.9882025974,NaN
6.19385974,0.9895948052,NaN
6.192893506,0.9888,NaN
6.193007792,0.9880207792,NaN
6.192550649,0.9894493506,NaN
6.193262338,0.9739272727,NaN
6.193033766,0.9637194805,NaN
6.192841558,0.9452,NaN
6.193625974,0.9451896104,NaN
6.193184416,0.9509714286,NaN
6.193044156,0.9496675325,NaN
6.192872727,0.951387013,NaN
6.193366234,0.9517402597,NaN
6.193511688,0.9538233766,NaN
6.192057143,0.9524779221,NaN
6.1924,0.9522597403,NaN
6.19254026,0.9389038961,NaN
6.191766234,0.9462805195,NaN
6.187225974,0.9391168831,NaN
6.065719481,0.9190649351,NaN
6.052571429,0.909225974,NaN
6.052077922,0.9035012987,NaN
6.051745455,0.8974077922,NaN
6.235220779,0.8633714286,NaN
6.190212987,0.8719844156,NaN
6.190763636,0.9003116883,NaN
6.191423377,0.9006701299,NaN
6.190919481,0.9039324675,NaN
6.191028571,0.9102857143,NaN
6.191012987,0.9116831169,NaN
6.192124675,0.9107324675,NaN
6.192171429,0.9126025974,NaN
6.191953247,0.9111896104,NaN
6.191781818,0.9100103896,NaN
6.191932468,0.9152519481,NaN
6.192124675,0.9145298701,NaN
6.191490909,0.9133922078,NaN
6.191298701,0.9144467532,NaN
6.191298701,0.9145714286,NaN
6.191781818,0.9128623377,NaN
6.191953247,0.912587013,NaN
6.191319481,0.9110857143,NaN
6.189548052,0.9109662338,NaN
6.190031169,0.9101246753,NaN
6.190181818,0.9155584416,NaN
6.189163636,0.9160831169,NaN
6.188909091,0.915412987,NaN
6.189896104,0.9136571429,NaN
6.189683117,0.9133974026,NaN
6.189709091,0.9121454545,NaN
6.189402597,0.9134701299,NaN
6.188831169,0.9123064935,NaN
6.190036364,0.9112155844,NaN
6.189745455,0.9105246753,NaN
6.189724675,0.9031636364,NaN
6.189257143,0.9079532468,NaN
6.190109091,0.9014025974,NaN
6.189044156,0.8963636364,NaN
6.189563636,0.8928935065,NaN
6.190171429,0.8933194805,NaN
6.189828571,0.8938545455,NaN
6.189137662,0.8933454545,NaN
6.189516883,0.8885350649,NaN
6.189761039,0.887012987,NaN
6.189979221,0.886587013,NaN
6.189184416,0.883838961,NaN
6.189838961,0.8819532468,NaN
6.189667532,0.8819064935,NaN
6.18985974,0.8857090909,NaN
6.189709091,0.8826545455,NaN
6.189880519,0.8938649351,NaN
6.189527273,0.8951220779,NaN
6.189303896,0.8939220779,NaN
6.189085714,0.8909454545,NaN
6.189148052,0.8887896104,NaN
6.189397403,0.8883064935,NaN
6.189225974,0.8862805195,NaN
6.189812987,0.8904207792,NaN
6.189719481,0.8864675325,NaN
6.189792208,0.8856467532,NaN
6.189267532,0.8855376623,NaN
6.189890909,0.926774026,NaN
6.189054545,0.9236935065,NaN
6.189438961,0.9234701299,NaN
6.188602597,0.9201454545,NaN
6.189054545,0.9127584416,NaN
6.189236364,0.9056779221,NaN
6.189148052,0.9039636364,NaN
6.189719481,0.903438961,NaN
6.18987013,0.9010441558,NaN
6.188550649,0.8839532468,NaN
6.189257143,0.8942181818,NaN
6.188732468,0.8913246753,NaN
6.189288312,0.8897506494,NaN
6.188633766,0.8817350649,NaN
6.188872727,0.8699636364,NaN
6.188067532,0.8523532468,NaN
6.189475325,0.8353922078,NaN
6.189267532,0.8704467532,NaN
6.188935065,0.8859064935,NaN
6.189096104,0.8804103896,NaN
6.188768831,0.8783012987,NaN
6.189387013,0.8532779221,NaN
6.18998961,0.8637350649,NaN
6.190285714,0.8585090909,NaN
6.189049351,0.8524311688,NaN
6.189241558,0.8290233766,NaN
6.189922078,0.8425506494,NaN
6.18972987,0.8227688312,NaN
6.190083117,0.827012987,NaN
6.189911688,0.8172311688,NaN
6.189963636,0.7545766234,NaN
6.190181818,0.6854597403,NaN
6.189901299,0.6886649351,NaN
6.189568831,0.6675324675,NaN
6.189807792,0.7284467532,NaN
6.191298701,0.8023636364,NaN
6.190483117,0.7875636364,NaN
6.189948052,0.7805298701,NaN
6.189818182,0.7741818182,NaN
6.190477922,0.7734805195,NaN
6.189974026,0.7430909091,NaN
6.188846753,0.7493454545,NaN
6.189724675,0.780587013,NaN
6.189511688,0.8326337662,NaN
6.189958442,0.8496519481,NaN
6.190431169,0.8395844156,NaN
6.19014026,0.8187428571,NaN
6.189620779,0.7943636364,NaN
6.189267532,0.7890181818,NaN
6.19,0.7561194805,NaN
6.189355844,0.7505558442,NaN
6.189246753,0.8318857143,NaN
6.189480519,0.8276103896,NaN
6.189812987,0.8026441558,NaN
6.189709091,0.8029194805,NaN
6.189698701,0.8007064935,NaN
6.189184416,0.7964363636,NaN
6.091787013,0.7781662338,NaN
6.187298701,0.7761714286,NaN
6.188192208,0.873387013,NaN
6.188711688,0.8630909091,NaN
6.189594805,0.7836207792,NaN
6.190041558,0.7656519481,NaN
6.189262338,0.7613194805,NaN
6.190083117,0.768,NaN
6.189174026,0.7647376623,NaN
6.189485714,0.7645298701,NaN
6.189376623,0.7826909091,NaN
6.189148052,0.7606857143,NaN
6.189698701,0.7693766234,NaN
6.189709091,0.7467168831,NaN
6.190036364,0.8121766234,NaN
6.190316883,0.8154181818,NaN
6.190020779,0.8160207792,NaN
6.189371429,0.815012987,NaN
6.189158442,0.8144675325,NaN
6.189709091,0.837412987,NaN
6.1892,0.8729194805,NaN
6.18974026,0.8361506494,NaN
6.189246753,0.8369662338,NaN
6.188966234,0.7707480519,NaN
6.189641558,0.6974493506,NaN
6.18961039,0.7098493506,NaN
6.189075325,0.6964467532,NaN
6.189792208,0.6970805195,NaN
6.1892,0.6856779221,NaN
6.189438961,0.8881194805,NaN
6.188820779,0.7674961039,NaN
6.189802597,0.7994441558,NaN
6.189038961,0.8014805195,NaN
6.189267532,0.8178493506,NaN
6.189490909,0.8145506494,NaN
6.188628571,0.8143012987,NaN
6.189267532,0.8223064935,NaN
6.189761039,0.8281194805,NaN
6.189179221,0.800987013,NaN
6.189127273,0.7988415584,NaN
6.188997403,0.8006857143,NaN
6.18918961,0.8196467532,NaN
6.18945974,0.8013714286,NaN
6.189262338,0.8025090909,NaN
6.189277922,0.8015792208,NaN
6.189225974,0.8068207792,NaN
6.18932987,0.8068727273,NaN
6.18974026,0.7800571429,NaN
6.189215584,0.7774701299,NaN
6.188805195,0.7745090909,NaN
6.189438961,0.8272103896,NaN
6.189246753,0.8425246753,NaN
6.18945974,0.844374026,NaN
6.188784416,0.8372415584,NaN
6.188441558,0.8935532468,NaN
6.188649351,0.8971272727,NaN
6.188727273,0.8956935065,NaN
6.188727273,0.8974181818,NaN
6.188545455,0.8964519481,NaN
6.188374026,0.8957662338,NaN
6.188618182,0.8951636364,NaN
6.188607792,0.9059168831,NaN
6.188748052,0.9041558442,NaN
6.188285714,0.9056675325,NaN
6.188083117,0.9023688312,NaN
6.188337662,0.9037194805,NaN
6.187927273,0.904825974,NaN
6.188322078,0.8993506494,NaN
6.188057143,0.9062233766,NaN
6.188233766,0.8905714286,NaN
6.188716883,0.8644,NaN
6.188737662,0.8632,NaN
6.188836364,0.8604,NaN
6.188561039,0.8201038961,NaN
6.188571429,0.8198181818,NaN
6.188519481,0.8176311688,NaN
6.187979221,0.8036,NaN
6.187797403,0.8030909091,NaN
6.188815584,0.7802649351,NaN
6.187890909,0.7802181818,NaN
6.188503896,0.7824727273,NaN
6.188311688,0.8445454545,NaN
6.188633766,0.829574026,NaN
6.188945455,0.8296727273,NaN
6.187657143,0.8291844156,NaN
6.188581818,0.8287532468,NaN
6.188815584,0.8220051948,NaN
6.188602597,0.820425974,NaN
6.187937662,0.8187428571,NaN
6.188493506,0.8470441558,NaN
6.188742857,0.8454649351,NaN
6.188545455,0.843361039,NaN
6.186327273,0.8561922078,NaN
6.186581818,0.8729350649,NaN
6.18641039,0.8768467532,NaN
6.187012987,0.8847116883,NaN
6.187345455,0.8837558442,NaN
6.186218182,0.9075948052,NaN
6.18745974,0.8818701299,NaN
6.185875325,0.8804935065,NaN
6.187236364,0.8800883117,NaN
6.186493506,0.9358285714,NaN
6.186732468,0.9378025974,NaN
6.072519481,0.8913766234,NaN
6.071231169,0.8896675325,NaN
6.070857143,0.8898025974,NaN
6.071028571,0.8874441558,NaN
6.046368831,0.8845454545,NaN
6.236327273,0.8821194805,NaN
6.184945455,0.88,NaN
6.185018182,0.8856103896,NaN
6.186405195,0.8885038961,NaN
6.186285714,0.8862181818,NaN
6.185932468,0.8890025974,NaN
6.186888312,0.8776935065,NaN
6.187049351,0.8446961039,NaN
6.187412987,0.8340155844,NaN
6.187335065,0.8230909091,NaN
6.18705974,0.8385922078,NaN
6.186888312,0.8407428571,NaN
6.186877922,0.9248415584,NaN
6.187553247,0.9188363636,NaN
6.187444156,0.9156363636,NaN
6.187101299,0.9179896104,NaN
6.186919481,0.9415376623,NaN
6.186779221,0.9522597403,NaN
6.187464935,0.9534909091,NaN
6.186488312,0.9495688312,NaN
6.187766234,0.9704415584,NaN
6.187277922,0.9758701299,NaN
6.186701299,1.025548052,NaN
6.186592208,1.036436364,NaN
6.186083117,1.040763636,NaN
6.185948052,1.038888312,NaN
6.186774026,1.042633766,NaN
6.186794805,1.044924675,NaN
6.186280519,1.030436364,NaN
6.187101299,1.041412987,NaN
6.186067532,1.030093506,NaN
6.186503896,1.018062338,NaN
6.186254545,1.017844156,NaN
6.185854545,1.00652987,NaN
6.186716883,1.005828571,NaN
6.187745455,1.001475325,NaN
6.186296104,0.9779688312,NaN
6.186649351,0.9615116883,NaN
6.186587013,0.9597090909,NaN
6.186275325,0.9627688312,NaN
6.186083117,0.9579532468,NaN
6.18692987,0.9906805195,NaN
6.185979221,0.9903688312,NaN
6.186275325,0.9932415584,NaN
6.185792208,0.994638961,NaN
6.186181818,0.9961194805,NaN
6.186415584,0.9982597403,NaN
6.186264935,0.9958545455,NaN
6.185942857,0.9958753247,NaN
6.186327273,0.9910961039,NaN
6.186431169,0.9921714286,NaN
6.186436364,0.9939636364,NaN
6.186005195,0.9916155844,NaN
6.186379221,0.9946285714,NaN
6.185833766,0.9938701299,NaN
6.185953247,0.9917974026,NaN
6.186467532,0.9882753247,NaN
6.186488312,0.9878909091,NaN
6.185672727,0.9868935065,NaN
6.186649351,0.9813402597,NaN
6.186327273,0.9742649351,NaN
6.185698701,0.9659532468,NaN
6.186316883,0.978587013,NaN
6.187350649,0.9832831169,NaN
6.186602597,0.9870441558,NaN
6.185844156,0.9707324675,NaN
6.186280519,0.9975584416,NaN
6.186488312,1.000976623,NaN
6.185922078,1.012441558,NaN
6.186509091,1.011475325,NaN
6.186368831,1.010992208,NaN
6.186358442,1.007974026,NaN
6.18641039,1.008285714,NaN
6.185838961,1.002046753,NaN
6.186680519,1.007433766,NaN
6.186176623,1.005688312,NaN
6.186306494,1.004742857,NaN
6.185288312,1.005044156,NaN
6.185766234,0.9999220779,NaN
6.076384416,0.9978285714,NaN
6.087225974,0.9940519481,NaN
6.086862338,0.9964727273,NaN
6.087054545,0.9977558442,NaN
6.086519481,0.9979376623,NaN
6.0864,0.9955324675,NaN
6.087968831,0.9982077922,NaN
6.087184416,0.9907584416,NaN
6.08654026,0.9831428571,NaN
6.086218182,0.9821974026,NaN
6.086955844,0.9843376623,NaN
6.086981818,0.981012987,NaN
6.086701299,0.9790805195,NaN
6.086348052,0.9774857143,NaN
6.086358442,0.9770493506,NaN
6.087677922,0.9761038961,NaN
6.086841558,0.9760883117,NaN
6.086706494,0.9752415584,NaN
6.086415584,0.9747376623,NaN
6.086680519,0.9744571429,NaN
6.086477922,0.9741350649,NaN
6.08627013,0.9728883117,NaN
6.086696104,0.972,NaN
6.085527273,0.9735324675,NaN
6.086638961,0.9666181818,NaN
6.085625974,0.9806545455,NaN
6.086093506,0.9772,NaN
6.085137662,0.9770233766,NaN
6.178223377,0.9829298701,NaN
6.178955844,0.9804779221,NaN
6.183677922,0.9775792208,NaN
6.183018182,0.9748987013,NaN
6.183407792,0.967438961,NaN
6.183246753,0.9673766234,NaN
6.184031169,0.9677454545,NaN
6.183506494,0.9691012987,NaN
6.183849351,0.9691012987,NaN
6.183667532,0.9710337662,NaN
6.18401039,0.9690753247,NaN
6.185023377,0.9692623377,NaN
6.185454545,0.9678649351,NaN
6.185309091,0.9673402597,NaN
6.185833766,0.9662493506,NaN
6.185501299,0.9651272727,NaN
6.185116883,0.965574026,NaN
6.185262338,0.9598857143,NaN
6.185371429,0.8419584416,NaN
6.185662338,0.8177662338,NaN
6.185205195,0.8206233766,NaN
6.184566234,0.8199428571,NaN
6.184316883,0.8203636364,NaN
6.185896104,1.016566234,NaN
6.184337662,0.9254909091,NaN
6.185163636,0.9573974026,NaN
6.185412987,0.9540363636,NaN
6.185724675,0.9484155844,NaN
6.185090909,0.9483948052,NaN
6.184296104,0.9509714286,NaN
6.185101299,0.9508207792,NaN
6.185755844,0.9502441558,NaN
6.185464935,0.9516987013,NaN
6.185444156,0.9517402597,NaN
6.18481039,0.9494909091,NaN
6.185392208,0.9517038961,NaN
6.185241558,0.9528779221,NaN
6.184264935,0.9606753247,NaN
6.18507013,0.9569038961,NaN
6.185412987,0.9574649351,NaN
6.185625974,0.9558337662,NaN
6.183823377,0.9576831169,NaN
6.184612987,0.9580623377,NaN
6.185262338,0.9528467532,NaN
6.183262338,0.9523844156,NaN
6.182898701,0.9467376623,NaN
6.185080519,0.9448103896,NaN
6.184306494,0.9451428571,NaN
6.186249351,0.9460883117,NaN
6.184794805,0.9410805195,NaN
6.185267532,0.9466909091,NaN
6.185371429,0.9492467532,NaN
6.184587013,0.9472207792,NaN
6.183828571,0.9435064935,NaN
6.184737662,0.9441142857,NaN
6.184425974,0.9428103896,NaN
6.184737662,0.9435792208,NaN
6.184566234,0.9414025974,NaN
6.184031169,0.9420051948,NaN
6.184898701,0.9411220779,NaN
6.184675325,0.9388103896,NaN
6.184374026,0.9397506494,NaN
6.184706494,0.9404207792,NaN
6.184690909,0.9368519481,NaN
6.184696104,0.9365298701,NaN
6.184774026,0.9350857143,NaN
6.184903896,0.9357194805,NaN
6.184368831,0.9306649351,NaN
6.183880519,0.9160207792,NaN
6.184955844,0.9262961039,NaN
6.183205195,0.9271220779,NaN
6.183490909,0.9261298701,NaN
6.183246753,0.9265922078,NaN
6.182711688,0.9212831169,NaN
6.182903896,0.9220883117,NaN
6.183257143,0.9206025974,NaN
6.184363636,0.920961039,NaN
6.184192208,0.9246701299,NaN
6.184114286,0.9340051948,NaN
6.184903896,0.9315896104,NaN
6.183568831,0.9345194805,NaN
6.184576623,0.9338181818,NaN
6.184805195,0.9327272727,NaN
6.184685714,0.9329090909,NaN
6.184701299,0.9303584416,NaN
6.184909091,0.9300311688,NaN
6.184036364,0.9334337662,NaN
6.184784416,0.9315324675,NaN
6.183916883,0.9303896104,NaN
6.183932468,0.9301922078,NaN
6.184706494,0.926561039,NaN
6.184618182,0.9265090909,NaN
6.184031169,0.9267220779,NaN
6.184249351,0.9280883117,NaN
6.184472727,0.9205402597,NaN
6.185241558,0.9205506494,NaN
6.184649351,0.9187116883,NaN
6.184981818,0.9101402597,NaN
6.184176623,0.9075168831,NaN
6.184124675,0.9048675325,NaN
6.183755844,0.9041298701,NaN
6.183781818,0.8939688312,NaN
6.184233766,0.8884623377,NaN
6.18387013,0.8864155844,NaN
6.18372987,0.8866337662,NaN
6.184114286,0.8825194805,NaN
6.184171429,0.8794857143,NaN
6.184296104,0.8690597403,NaN
6.183324675,0.873387013,NaN
6.184051948,0.8388987013,NaN
6.1732,0.8205350649,NaN
6.043168831,0.8384571429,NaN
6.043527273,0.8610753247,NaN
6.044467532,0.8497350649,NaN
6.043828571,0.8616883117,NaN
6.226633766,0.8606805195,NaN
6.182831169,0.9179896104,NaN
6.183012987,0.9161714286,NaN
6.182696104,0.9167948052,NaN
6.183335065,0.9274337662,NaN
6.183012987,0.9311844156,NaN
6.183350649,0.9288623377,NaN
6.182732468,0.9288987013,NaN
6.183116883,0.9260311688,NaN
6.183844156,0.9264571429,NaN
6.183833766,0.9292727273,NaN
6.182561039,0.9237246753,NaN
6.182732468,0.928238961,NaN
6.1836,0.9272311688,NaN
6.184072727,0.9233766234,NaN
6.182794805,0.9240103896,NaN
6.183480519,0.9227220779,NaN
6.183641558,0.9247792208,NaN
6.182836364,0.9261038961,NaN
6.184218182,0.9243896104,NaN
6.182114286,0.9136935065,NaN
6.182763636,0.9124155844,NaN
6.182509091,0.910638961,NaN
6.181480519,0.8985194805,NaN
6.180664935,0.8982441558,NaN
6.180618182,0.8860519481,NaN
6.180836364,0.8798701299,NaN
6.183142857,0.8793142857,NaN
6.182820779,0.8751064935,NaN
6.182197403,0.8713818182,NaN
6.182176623,0.869625974,NaN
6.182451948,0.869574026,NaN
6.182571429,0.8658181818,NaN
6.183038961,0.8547792208,NaN
6.181937662,0.8495844156,NaN
6.182218182,0.8490805195,NaN
6.18214026,0.8392883117,NaN
6.182841558,0.8396519481,NaN
6.181625974,0.8329662338,NaN
6.180576623,0.8192363636,NaN
6.180976623,0.7997506494,NaN
6.180436364,0.7883480519,NaN
6.180597403,0.79,NaN
6.180955844,0.8343064935,NaN
6.180649351,0.8344935065,NaN
6.18107013,0.8652311688,NaN
6.18118961,0.8665506494,NaN
6.181563636,0.864774026,NaN
6.180768831,0.8678649351,NaN
6.180737662,0.8668207792,NaN
6.180758442,0.8671272727,NaN
6.181724675,0.8666181818,NaN
6.182690909,0.8679376623,NaN
6.182794805,0.8605662338,NaN
6.18278961,0.8595064935,NaN
6.18267013,0.8592467532,NaN
6.182581818,0.857361039,NaN
6.182005195,0.8545402597,NaN
6.182228571,0.8560831169,NaN
6.1824,0.8529558442,NaN
6.181968831,0.8557922078,NaN
6.18227013,0.8173818182,NaN
6.182249351,0.7669246753,NaN
6.182592208,0.7046077922,NaN
6.182098701,0.7048311688,NaN
6.182742857,0.6382545455,NaN
6.181927273,0.6269506494,NaN
6.181776623,0.6387844156,NaN
6.182020779,0.6366961039,NaN
6.182311688,0.6893662338,NaN
6.070135065,0.6820363636,NaN
6.082706494,0.6831012987,NaN
6.083490909,0.8170181818,NaN
6.083033766,0.8011324675,NaN
6.083033766,0.8149974026,NaN
6.083574026,0.8235012987,NaN
6.083361039,0.8147428571,NaN
6.083605195,0.8313766234,NaN
6.083251948,0.8230857143,NaN
6.082758442,0.8261246753,NaN
6.083392208,0.8242545455,NaN
6.083532468,0.8154077922,NaN
6.083012987,0.8075064935,NaN
6.082919481,0.8037974026,NaN
6.082737662,0.7828519481,NaN
6.082888312,0.7779896104,NaN
6.082742857,0.842,NaN
6.08292987,0.8878545455,NaN
6.082374026,0.886187013,NaN
6.082555844,0.883838961,NaN
6.082971429,0.885438961,NaN
6.083475325,0.8832415584,NaN
6.082716883,0.971787013,NaN
6.083023377,0.9686701299,NaN
6.083231169,0.9678025974,NaN
6.0832,0.9633246753,NaN
6.083225974,0.9643636364,NaN
6.083023377,0.9625194805,NaN
6.082420779,0.9613506494,NaN
6.082753247,0.9607272727,NaN
6.082696104,0.9609766234,NaN
6.082945455,0.9644103896,NaN
6.082290909,0.9614753247,NaN
6.082192208,0.9618337662,NaN
6.08212987,0.9647428571,NaN
6.082285714,0.9632727273,NaN
6.082171429,0.962961039,NaN
6.082815584,0.9629506494,NaN
6.081953247,0.9729714286,NaN
6.082176623,0.9761246753,NaN
6.082654545,1.024472727,NaN
6.082514286,1.015153247,NaN
6.082519481,1.020774026,NaN
6.081755844,1.01401039,NaN
6.082431169,1.009018182,NaN
6.08187013,1.012846753,NaN
6.081657143,1.010368831,NaN
6.082202597,1.005096104,NaN
6.081709091,0.8918025974,NaN
6.082374026,0.8604155844,NaN
6.081849351,0.8612779221,NaN
6.082,0.8589714286,NaN
6.082332468,1.063620779,NaN
6.082353247,1.03054026,NaN
6.08174026,0.9985090909,NaN
6.081257143,0.9996675325,NaN
6.081267532,0.9982285714,NaN
6.082280519,0.9864363636,NaN
6.08158961,0.985838961,NaN
6.081397403,0.9969714286,NaN
6.080851948,0.9921090909,NaN
6.080472727,0.9899168831,NaN
6.081438961,0.9822857143,NaN
6.081771429,0.9855064935,NaN
6.081802597,0.9880727273,NaN
6.080966234,0.9890753247,NaN
6.081761039,0.9869454545,NaN
6.081319481,0.9861298701,NaN
6.080955844,0.9865142857,NaN
6.080633766,0.9815636364,NaN
6.081579221,0.9807272727,NaN
6.081090909,0.9834545455,NaN
6.081246753,0.9868831169,NaN
6.080649351,0.9859792208,NaN
6.080805195,0.9837350649,NaN
6.080779221,0.9831428571,NaN
6.080623377,0.9856363636,NaN
6.080685714,0.9871480519,NaN
6.08025974,0.9840155844,NaN
6.080394805,0.983361039,NaN
6.080841558,0.9830805195,NaN
6.080472727,0.9803324675,NaN
6.080633766,0.9722493506,NaN
6.080046753,0.9725818182,NaN
6.080353247,0.9715792208,NaN
6.080472727,0.9742545455,NaN
6.080457143,0.9734597403,NaN
6.080654545,0.973438961,NaN
6.0796,0.9725974026,NaN
6.080363636,0.9713662338,NaN
6.080150649,0.9706493506,NaN
6.080145455,0.9697454545,NaN
6.079849351,0.9694337662,NaN
6.080119481,0.9684623377,NaN
6.080301299,0.9685194805,NaN
6.080124675,0.9642805195,NaN
6.080280519,0.9620571429,NaN
6.080062338,0.9519428571,NaN
6.079324675,0.9505922078,NaN
6.080202597,0.9497350649,NaN
6.080036364,0.9572415584,NaN
6.081148052,0.9557454545,NaN
6.080166234,0.9400415584,NaN
6.079402597,0.9500571429,NaN
6.079958442,0.9462597403,NaN
6.079896104,0.9547220779,NaN
6.08054026,0.9519948052,NaN
6.080031169,0.950161039,NaN
6.079745455,0.9497194805,NaN
6.0804,0.9488571429,NaN
6.079402597,0.9510649351,NaN
6.079937662,0.9478025974,NaN
6.080098701,0.9470285714,NaN
6.080166234,0.9489506494,NaN
6.079594805,0.9851376623,NaN
6.079574026,0.983574026,NaN
6.080171429,0.9816675325,NaN
6.079838961,0.9815532468,NaN
6.079958442,0.9817038961,NaN
6.080124675,0.9830961039,NaN
6.080394805,0.9828883117,NaN
6.081033766,0.9813922078,NaN
6.080192208,0.9800571429,NaN
6.080488312,0.9827168831,NaN
6.079215584,0.9808623377,NaN
6.079506494,0.9760883117,NaN
6.080332468,0.9743688312,NaN
6.079537662,0.9727064935,NaN
6.080623377,0.9717818182,NaN
6.079558442,0.9445766234,NaN
6.079501299,0.9435428571,NaN
6.079838961,0.897974026,NaN
6.07985974,0.9184467532,NaN
6.07921039,0.903038961,NaN
6.079345455,0.9182909091,NaN
6.079688312,0.9502337662,NaN
6.080161039,0.9465766234,NaN
6.079267532,0.9398649351,NaN
6.078706494,0.9425402597,NaN
6.080249351,0.9441766234,NaN
6.080041558,0.9476831169,NaN
6.079127273,0.9630857143,NaN
6.07974026,0.9629090909,NaN
6.079194805,0.9614337662,NaN
6.079496104,0.9620207792,NaN
6.080192208,0.9590649351,NaN
6.079319481,0.959438961,NaN
6.078612987,0.9626077922,NaN
5.956618182,0.9605766234,NaN
5.939158442,0.9612883117,NaN
5.938477922,0.9598285714,NaN
5.938088312,0.9590025974,NaN
6.145158442,0.9585402597,NaN
6.042976623,0.9590337662,NaN
6.077703896,0.9572831169,NaN
6.077418182,0.9587272727,NaN
6.078457143,0.9572051948,NaN
6.078706494,0.9553818182,NaN
6.077812987,0.9584987013,NaN
6.078446753,0.954425974,NaN
6.078207792,0.9516779221,NaN
6.078779221,0.9521142857,NaN
6.078446753,0.9507064935,NaN
6.078488312,0.9494233766,NaN
6.07801039,0.9493662338,NaN
6.078301299,0.9486545455,NaN
6.078498701,0.9487324675,NaN
6.079002597,0.9482961039,NaN
6.077797403,0.9477350649,NaN
6.077942857,0.9470493506,NaN
6.079122078,0.9462649351,NaN
6.078005195,0.9455792208,NaN
6.078005195,0.9434493506,NaN
6.077906494,0.9449142857,NaN
6.077693506,0.9456415584,NaN
6.077594805,0.9420779221,NaN
6.078083117,0.9410701299,NaN
6.076883117,0.9435636364,NaN
6.077584416,0.941787013,NaN
6.077397403,0.9408623377,NaN
6.078005195,0.939361039,NaN
6.077719481,0.9407896104,NaN
6.077168831,0.9411064935,NaN
6.0784,0.9417974026,NaN
6.077309091,0.9431688312,NaN
6.07761039,0.9445454545,NaN
6.077179221,0.943812987,NaN
6.077974026,0.9426597403,NaN
6.077148052,0.9408935065,NaN
6.076997403,0.9404051948,NaN
6.076301299,0.9393818182,NaN
6.077148052,0.933812987,NaN
6.076664935,0.9353558442,NaN
6.077433766,0.9303532468,NaN
6.077703896,0.9182181818,NaN
6.077049351,0.9156519481,NaN
6.077594805,0.9121298701,NaN
6.077833766,0.9106441558,NaN
6.078337662,0.9031896104,NaN
6.077371429,0.8877506494,NaN
6.07721039,0.8867116883,NaN
6.077251948,0.8842961039,NaN
6.077896104,0.8788207792,NaN
6.077532468,0.8739376623,NaN
6.076046753,0.8666233766,NaN
6.077532468,0.8682753247,NaN
6.076820779,0.8704103896,NaN
6.077381818,0.8622181818,NaN
6.077714286,0.8603272727,NaN
6.077542857,0.8619844156,NaN
6.0768,0.8550181818,NaN
6.077542857,0.8546961039,NaN
6.077537662,0.8480311688,NaN
6.077231169,0.8476155844,NaN
6.077703896,0.848187013,NaN
6.077231169,0.8535532468,NaN
6.077241558,0.8508675325,NaN
6.077251948,0.8479168831,NaN
6.077563636,0.8471480519,NaN
6.076898701,0.8356883117,NaN
6.077277922,0.8466337662,NaN
6.076820779,0.8452779221,NaN
6.077781818,0.8700467532,NaN
6.076587013,0.9091012987,NaN
6.077412987,0.9107844156,NaN
6.077574026,0.8890805195,NaN
6.07667013,0.8861038961,NaN
6.077044156,0.8852779221,NaN
6.077075325,0.8769402597,NaN
6.076607792,0.8709558442,NaN
6.077080519,0.8738493506,NaN
6.077885714,0.8393402597,NaN
6.076207792,0.8757818182,NaN
6.076935065,0.8755896104,NaN
6.076971429,0.9590337662,NaN
6.077418182,0.9642337662,NaN
6.077314286,0.9633974026,NaN
6.07681039,0.9630285714,NaN
6.076815584,0.9575688312,NaN
6.077496104,0.9696051948,NaN
6.07758961,0.9655636364,NaN
6.077293506,0.9633662338,NaN
6.076992208,0.9655844156,NaN
6.077761039,0.9642805195,NaN
6.076722078,0.9719532468,NaN
6.076612987,0.9711636364,NaN
6.07681039,0.9695948052,NaN
6.076477922,0.9690753247,NaN
6.076161039,0.9671792208,NaN
6.076587013,0.9701090909,NaN
6.07627013,0.9694961039,NaN
6.076088312,0.968825974,NaN
6.075797403,0.9694441558,NaN
6.075231169,0.9689922078,NaN
6.076103896,0.9688519481,NaN
6.075818182,0.9695792208,NaN
6.076566234,0.9678961039,NaN
6.075168831,0.9651116883,NaN
6.075215584,0.9579064935,NaN
6.075688312,0.9467896104,NaN
6.075148052,0.9404415584,NaN
6.075355844,0.9354909091,NaN
6.075418182,0.8511896104,NaN
6.074883117,0.7981090909,NaN
6.07507013,0.8024831169,NaN
6.074877922,0.8038181818,NaN
6.074218182,0.8016467532,NaN
6.07505974,1.026732468,NaN
6.074483117,0.9241038961,NaN
6.07492987,0.9556207792,NaN
6.074332468,0.9629818182,NaN
6.075288312,1.063890909,NaN
6.074872727,1.101475325,NaN
6.075018182,1.111833766,NaN
6.074223377,1.101911688,NaN
6.074436364,1.110290909,NaN
6.074685714,1.120467532,NaN
6.074363636,1.117075325,NaN
6.075449351,1.099532468,NaN
6.074654545,1.090987013,NaN
6.074976623,1.10081039,NaN
6.074244156,1.10252987,NaN
6.074353247,1.101345455,NaN
6.074846753,1.106722078,NaN
6.074535065,1.105153247,NaN
6.074524675,1.101194805,NaN
6.074503896,1.100711688,NaN
6.074706494,1.090394805,NaN
6.07401039,1.087937662,NaN
6.073896104,1.088903896,NaN
6.073942857,1.087454545,NaN
6.074202597,1.087818182,NaN
6.074342857,1.087651948,NaN
6.073890909,1.085033766,NaN
6.074664935,1.08707013,NaN
6.073397403,1.085890909,NaN
6.074384416,1.084072727,NaN
6.073075325,1.084836364,NaN
6.073579221,1.083880519,NaN
6.073953247,1.083854545,NaN
6.073407792,1.080623377,NaN
6.073698701,1.080088312,NaN
6.073397403,1.076368831,NaN
6.073397403,1.079387013,NaN
6.073288312,1.079605195,NaN
6.073776623,1.078748052,NaN
6.07307013,1.083355844,NaN
6.073267532,1.080727273,NaN
6.07345974,1.081490909,NaN
6.073116883,1.084031169,NaN
6.07347013,1.088581818,NaN
6.072768831,1.122332468,NaN
6.072836364,1.141309091,NaN
6.073449351,1.156301299,NaN
6.073163636,1.156171429,NaN
6.072976623,1.160867532,NaN
6.072966234,1.165038961,NaN
6.072654545,1.155745455,NaN
6.071527273,1.147127273,NaN
6.072483117,1.161433766,NaN
6.072150649,1.160109091,NaN
6.072483117,1.155979221,NaN
6.071911688,1.156498701,NaN
6.071324675,1.155345455,NaN
6.071812987,1.148062338,NaN
6.072296104,1.135818182,NaN
6.071776623,1.134561039,NaN
6.072316883,1.131864935,NaN
6.071257143,1.136514286,NaN
6.071646753,1.135792208,NaN
6.070706494,1.132405195,NaN
6.071703896,1.120337662,NaN
6.071776623,1.101184416,NaN
6.07134026,1.096987013,NaN
6.071293506,1.070197403,NaN
6.07107013,1.070394805,NaN
6.071625974,1.086981818,NaN
6.069771429,1.111309091,NaN
6.071012987,1.098877922,NaN
6.07107013,1.114851948,NaN
6.070072727,1.105251948,NaN
6.071283117,1.11934026,NaN
6.071875325,1.119916883,NaN
6.070909091,1.12614026,NaN
6.070628571,1.125974026,NaN
6.070888312,1.124794805,NaN
6.070898701,1.124301299,NaN
6.070249351,1.122,NaN
6.071667532,1.136945455,NaN
6.071335065,1.13627013,NaN
6.071163636,1.136763636,NaN
6.070841558,1.141854545,NaN
6.070623377,1.148353247,NaN
6.07027013,1.159225974,NaN
6.071574026,1.171293506,NaN
6.071387013,1.185283117,NaN
6.070831169,1.180727273,NaN
6.070961039,1.1796,NaN
6.070955844,1.181693506,NaN
6.070519481,1.179901299,NaN
6.070976623,1.182612987,NaN
6.070675325,1.180228571,NaN
6.070301299,1.178425974,NaN
6.070207792,1.180612987,NaN
6.070015584,1.172992208,NaN
6.070690909,1.170779221,NaN
6.070638961,1.165049351,NaN
6.070628571,1.167158442,NaN
6.070176623,1.168337662,NaN
6.069371429,1.174290909,NaN
5.943392208,1.172332468,NaN
5.916654545,1.174425974,NaN
5.916893506,1.174005195,NaN
5.914924675,1.17334026,NaN
6.124316883,1.164524675,NaN
6.019142857,1.1604,NaN
6.053994805,1.159537662,NaN
6.053880519,1.159516883,NaN
6.054644156,1.158405195,NaN
6.05507013,1.155735065,NaN
6.067651948,1.157922078,NaN
6.068212987,1.157246753,NaN
6.068545455,1.155496104,NaN
6.069018182,1.153714286,NaN
6.068820779,1.144155844,NaN
6.068722078,1.140119481,NaN
6.068254545,1.139927273,NaN
6.068327273,1.140690909,NaN
6.06787013,1.145018182,NaN
6.067968831,1.143366234,NaN
6.06801039,1.138280519,NaN
6.067735065,1.137309091,NaN
6.068379221,1.123625974,NaN
6.068566234,1.116332468,NaN
6.068446753,1.121371429,NaN
6.068124675,1.124384416,NaN
6.067324675,1.125018182,NaN
6.067875325,1.124784416,NaN
6.068051948,1.138062338,NaN
6.067916883,1.140841558,NaN
6.067755844,1.132732468,NaN
6.067594805,1.122301299,NaN
6.067106494,1.117127273,NaN
6.05598961,1.117111688,NaN
5.262561039,1.116311688,NaN
5.97785974,1.113714286,NaN
5.880711688,1.115054545,NaN
5.782638961,1.114446753,NaN
5.684405195,1.102877922,NaN
5.586171429,1.104950649,NaN
5.988176623,1.114857143,NaN
5.891875325,1.105064935,NaN
5.794005195,1.09027013,NaN
5.698467532,1.067636364,NaN
5.601361039,1.073693506,NaN
6.004161039,1.065787013,NaN
5.908503896,1.043366234,NaN
5.811236364,1.035298701,NaN
5.715096104,1.034171429,NaN
5.617023377,1.034342857,NaN
5.943007792,1.049625974,NaN
5.875158442,1.026467532,NaN
5.689823377,0.9200727273,NaN
5.814306494,0.8641038961,NaN
5.716072727,0.9061142857,NaN
5.927215584,0.9743324675,NaN
5.892612987,1.006041558,NaN
5.796514286,1.007438961,NaN
5.823849351,1.006987013,NaN
5.727064935,1.035942857,NaN
5.804296104,1.037506494,NaN
5.90761039,1.036155844,NaN
5.811641558,1.034524675,NaN
5.837719481,1.036077922,NaN
5.741579221,1.037864935,NaN
5.70921039,1.039174026,NaN
5.926883117,1.038212987,NaN
5.829293506,1.037844156,NaN
5.857948052,1.03705974,NaN
5.760680519,1.036212987,NaN
5.663574026,1.035490909,NaN
5.844742857,1.03652987,NaN
5.749620779,1.036805195,NaN
5.76052987,1.03387013,NaN
5.865527273,1.033225974,NaN
5.769064935,1.036124675,NaN
5.918831169,1.035761039,NaN
5.822337662,1.034161039,NaN
5.725392208,1.034228571,NaN
5.882244156,1.033620779,NaN
5.786425974,1.03358961,NaN
5.807361039,1.033698701,NaN
5.843916883,1.032394805,NaN
5.74825974,1.027792208,NaN
5.90334026,1.028072727,NaN
5.806394805,1.026825974,NaN
5.753251948,1.026477922,NaN
5.867106494,1.02638961,NaN
5.770322078,1.027350649,NaN
5.733423377,1.026607792,NaN
5.8256,1.026020779,NaN
5.793641558,1.024249351,NaN
5.766909091,1.0244,NaN
5.69734026,1.024955844,NaN
5.668675325,1.023646753,NaN
5.942441558,1.023033766,NaN
5.844368831,1.022036364,NaN
5.871464935,1.023314286,NaN
5.775163636,1.022742857,NaN
5.676285714,1.023324675,NaN
5.848867532,1.024441558,NaN
5.864706494,1.026374026,NaN
5.781438961,1.021335065,NaN
5.797381818,1.024602597,NaN
5.70212987,1.025890909,NaN
5.546233766,1.025714286,NaN
5.89145974,1.025449351,NaN
5.858124675,0.9300987013,NaN
5.825111688,0.8841818182,NaN
5.727241558,0.8847844156,NaN
5.693584416,0.8842233766,NaN
5.913683117,0.8825506494,NaN
5.864124675,1.074758442,NaN
5.754296104,1.017714286,NaN
5.622202597,1.018581818,NaN
5.542649351,1.019802597,NaN
6.026893506,1.019179221,NaN
5.929475325,1.015371429,NaN
5.831563636,1.013475325,NaN
5.734992208,1.007038961,NaN
5.637241558,1.009371429,NaN
5.837090909,1.007511688,NaN
5.952836364,1.012207792,NaN
5.856051948,1.010077922,NaN
5.75947013,1.011885714,NaN
5.661838961,1.011220779,NaN
5.643298701,1.010987013,NaN
5.979568831,1.012098701,NaN
5.881174026,1.012592208,NaN
5.785516883,1.013709091,NaN
5.68985974,1.013277922,NaN
5.656041558,1.011745455,NaN
5.897963636,1.012405195,NaN
5.742519481,1.010296104,NaN
5.691672727,1.011766234,NaN
5.650446753,1.010207792,NaN
5.718524675,1.012415584,NaN
5.818368831,1.010384416,NaN
5.90065974,1.011085714,NaN
5.803433766,1.012898701,NaN
5.708057143,1.01294026,NaN
5.737044156,1.013937662,NaN
5.891906494,1.015106494,NaN
5.922077922,1.014561039,NaN
5.82625974,1.015179221,NaN
5.729475325,1.014846753,NaN
5.758987013,1.015480519,NaN
5.698394805,1.015787013,NaN
5.95187013,1.013927273,NaN
5.853314286,1.00972987,NaN
5.755724675,1.005345455,NaN
5.785677922,1.001303896,NaN
5.637038961,1.001096104,NaN
5.961314286,1.001054545,NaN
5.715345455,1.000955844,NaN
5.681605195,1.000166234,NaN
5.73147013,1.001127273,NaN
5.813579221,1.000774026,NaN
5.785355844,1.000202597,NaN
5.8728,1.000405195,NaN
5.774083117,1.000212987,NaN
5.679433766,0.9992675325,NaN
5.839948052,1.000233766,NaN
5.860067532,0.9966857143,NaN
5.899412987,0.9959116883,NaN
5.804238961,0.9968467532,NaN
5.70812987,0.9956727273,NaN
5.738405195,0.9955168831,NaN
5.779148052,0.9952883117,NaN
5.928290909,0.9974753247,NaN
5.831303896,0.9968311688,NaN
5.733553247,0.9945350649,NaN
5.699574026,0.9950701299,NaN
5.783636364,0.9971636364,NaN
5.913875325,0.9978181818,NaN
5.771714286,0.9965142857,NaN
5.662602597,0.9949090909,NaN
5.625241558,0.994425974,NaN
5.819075325,0.9978909091,NaN
5.944503896,0.9970025974,NaN
5.847838961,0.9961662338,NaN
5.751012987,0.9947220779,NaN
5.641366234,0.9966181818,NaN
5.777423377,0.9955220779,NaN
5.907080519,0.9967272727,NaN
5.872135065,0.9956311688,NaN
5.775714286,0.9957246753,NaN
5.677802597,0.9961922078,NaN
5.747812987,0.9927948052,NaN
5.815490909,0.9919792208,NaN
5.89745974,0.9901194805,NaN
5.801563636,0.9914857143,NaN
5.705542857,0.9899064935,NaN
5.717298701,0.9904051948,NaN
5.771449351,0.9900519481,NaN
5.854685714,0.9914545455,NaN
5.712950649,0.9906337662,NaN
5.599418182,0.9911636364,NaN
5.526477922,0.990374026,NaN
5.885231169,0.9894441558,NaN
5.915023377,0.9912623377,NaN
5.817454545,0.9900727273,NaN
5.720187013,0.9896779221,NaN
5.622649351,0.9897142857,NaN
5.907849351,0.9923636364,NaN
5.936472727,0.9890337662,NaN
5.838924675,0.9879792208,NaN
5.743537662,0.9872623377,NaN
5.646150649,0.9877350649,NaN
5.855283117,0.9889558442,NaN
5.964,0.9913402597,NaN
5.867387013,0.9893090909,NaN
5.770763636,0.9887948052,NaN
5.675994805,0.9876935065,NaN
5.674987013,0.9892779221,NaN
5.827812987,0.9885246753,NaN
5.876649351,0.9879532468,NaN
5.744737662,0.9871792208,NaN
5.66012987,0.9856,NaN
5.703449351,0.9847428571,NaN
5.9872,0.9843168831,NaN
5.888202597,0.9841922078,NaN
5.783303896,0.9846649351,NaN
5.583994805,0.9853038961,NaN
5.487111688,0.9835428571,NaN
5.623714286,0.9839480519,NaN
5.794883117,0.9842597403,NaN
5.697293506,0.9834077922,NaN
5.807449351,0.9830805195,NaN
5.694337662,0.9826493506,NaN
5.714488312,0.9808623377,NaN
5.808374026,0.9792363636,NaN
5.900005195,0.9790441558,NaN
5.801771429,0.9782441558,NaN
5.702732468,0.9791168831,NaN
5.732202597,0.977574026,NaN
5.825605195,0.9679792208,NaN
5.913028571,0.862961039,NaN
5.7748,0.8786857143,NaN
5.632431169,0.8774493506,NaN
5.77185974,0.8787168831,NaN
5.800846753,0.9069246753,NaN
5.800524675,0.922774026,NaN
5.794124675,0.949574026,NaN
5.697781818,1.036202597,NaN
5.789012987,1.023449351,NaN
5.818,1.040441558,NaN
5.843724675,1.042348052,NaN
5.80921039,1.040997403,NaN
5.711496104,1.036696104,NaN
5.802503896,1.027033766,NaN
5.767719481,1.042379221,NaN
5.859854545,1.043018182,NaN
5.826238961,1.041350649,NaN
5.730742857,1.041397403,NaN
5.757797403,1.041381818,NaN
5.782919481,1.040831169,NaN
5.780987013,1.039615584,NaN
5.835116883,1.03694026,NaN
5.623812987,1.037397403,NaN
5.851849351,1.037018182,NaN
5.793064935,1.03718961,NaN
5.843953247,1.037693506,NaN
5.807558442,1.037018182,NaN
5.709968831,1.032971429,NaN
5.721485714,1.032337662,NaN
5.830748052,1.030555844,NaN
5.858446753,1.028685714,NaN
5.824467532,1.03187013,NaN
5.728166234,1.031844156,NaN
5.575018182,1.028987013,NaN
5.785335065,1.030483117,NaN
5.760374026,1.031968831,NaN
5.841054545,1.03001039,NaN
5.744753247,1.028872727,NaN
5.647085714,1.026103896,NaN
5.799428571,1.026467532,NaN
5.828212987,1.030228571,NaN
5.758805195,1.031168831,NaN
5.57505974,1.030638961,NaN
5.513745455,1.037890909,NaN
5.902451948,1.040031169,NaN
5.929387013,1.05705974,NaN
5.831153247,1.06347013,NaN
5.734851948,1.061044156,NaN
5.639516883,1.056316883,NaN
5.858207792,1.052945455,NaN
5.885584416,1.047023377,NaN
5.851797403,1.049475325,NaN
5.754690909,1.049085714,NaN
5.657262338,1.048805195,NaN
5.754327273,1.054072727,NaN
5.840462338,1.053948052,NaN
5.869127273,1.05412987,NaN
5.772503896,1.053506494,NaN
5.676244156,1.052322078,NaN
5.765558442,1.052077922,NaN
5.857735065,1.050607792,NaN
5.783012987,1.050779221,NaN
5.736244156,1.050306494,NaN
5.543184416,1.049683117,NaN
5.638036364,1.04894026,NaN
5.972758442,1.051324675,NaN
5.876535065,1.048732468,NaN
5.779106494,1.04865974,NaN
5.683007792,1.051553247,NaN
5.576872727,1.048602597,NaN
5.786555844,1.04734026,NaN
5.901376623,1.05,NaN
5.805075325,1.051012987,NaN
5.70945974,1.049496104,NaN
5.613922078,1.048602597,NaN
5.833215584,1.047023377,NaN
5.927605195,1.049958442,NaN
5.831625974,1.049475325,NaN
5.733231169,1.046098701,NaN
5.637735065,1.045667532,NaN
5.669444156,1.045433766,NaN
5.876836364,1.047142857,NaN
5.698103896,1.047277922,NaN
5.641096104,1.048083117,NaN
5.615049351,1.044914286,NaN
5.787018182,1.045937662,NaN
5.941984416,1.044815584,NaN
5.847392208,1.044955844,NaN
5.748051948,0.9533350649,NaN
5.65014026,0.9257766234,NaN
5.656441558,0.9251428571,NaN
5.886587013,0.9007896104,NaN
5.870161039,0.9004883117,NaN
5.772571429,1.085677922,NaN
5.675948052,1.040914286,NaN
5.706467532,1.03881039,NaN
5.868431169,1.039823377,NaN
5.89918961,1.041568831,NaN
5.802888312,1.039797403,NaN
5.705298701,1.040602597,NaN
5.732675325,1.040815584,NaN
5.81238961,1.040145455,NaN
5.772774026,1.040176623,NaN
5.754254545,1.039023377,NaN
5.706628571,1.039345455,NaN
5.545428571,1.040119481,NaN
5.823584416,1.039241558,NaN
5.91598961,1.036903896,NaN
5.818722078,1.038971429,NaN
5.720488312,1.039283117,NaN
5.622135065,1.038732468,NaN
5.732244156,1.037475325,NaN
5.938051948,1.040581818,NaN
5.842555844,1.040083117,NaN
5.74705974,1.034919481,NaN
5.650436364,1.033054545,NaN
5.806685714,1.035298701,NaN
5.743516883,1.033594805,NaN
5.872187013,1.032535065,NaN
5.775563636,1.032857143,NaN
5.678498701,1.033454545,NaN
5.655309091,1.03278961,NaN
5.863553247,1.032306494,NaN
5.718155844,1.033984416,NaN
5.649350649,1.032467532,NaN
5.659184416,1.034851948,NaN
5.704072727,1.029781818,NaN
5.864306494,1.029246753,NaN
5.892005195,1.029641558,NaN
5.793932468,1.029277922,NaN
5.697792208,1.031064935,NaN
5.546254545,1.030062338,NaN
5.781412987,1.028503896,NaN
5.915838961,1.027438961,NaN
5.820825974,1.028254545,NaN
5.723075325,1.026238961,NaN
5.625807792,1.027044156,NaN
5.844379221,1.027781818,NaN
5.941927273,1.026561039,NaN
5.846592208,1.025454545,NaN
5.7516,1.028202597,NaN
5.6556,1.027890909,NaN
5.800202597,1.027345455,NaN
5.844488312,1.02532987,NaN
5.791667532,1.025397403,NaN
5.70841039,1.024716883,NaN
5.569272727,1.02494026,NaN
5.42425974,1.024649351,NaN
5.908784416,1.022041558,NaN
5.875449351,1.022857143,NaN
5.779148052,1.024322078,NaN
5.682363636,1.021662338,NaN
5.733168831,1.022405195,NaN
5.935516883,1.021719481,NaN
5.839516883,1.022212987,NaN
5.744825974,1.020867532,NaN
5.648685714,1.020872727,NaN
5.807251948,1.021064935,NaN
5.903932468,1.021012987,NaN
5.810841558,1.020415584,NaN
5.715854545,1.019542857,NaN
5.586415584,1.020171429,NaN
5.732046753,1.019142857,NaN
5.935620779,1.017854545,NaN
5.842218182,1.021818182,NaN
5.745194805,1.020633766,NaN
5.650202597,1.018249351,NaN
5.555309091,1.019231169,NaN
5.792519481,1.019911688,NaN
5.909594805,1.019948052,NaN
5.813958442,1.018561039,NaN
5.719548052,1.019293506,NaN
5.624716883,1.018187013,NaN
5.757251948,1.017423377,NaN
5.943412987,1.016244156,NaN
5.848561039,1.016420779,NaN
5.754857143,1.015812987,NaN
5.663018182,1.017574026,NaN
5.678316883,1.018415584,NaN
5.92385974,1.018176623,NaN
5.832550649,1.016727273,NaN
5.803080519,1.015594805,NaN
5.71305974,1.014955844,NaN
5.621490909,1.015490909,NaN
5.908784416,1.016566234,NaN
5.88,1.015246753,NaN
5.837122078,1.014472727,NaN
5.649028571,1.013771429,NaN
5.63958961,1.014041558,NaN
5.525937662,1.014846753,NaN
5.680612987,1.013745455,NaN
5.941657143,1.010301299,NaN
5.848888312,1.010680519,NaN
5.75601039,1.010374026,NaN
5.663854545,1.010020779,NaN
5.570612987,1.010363636,NaN
5.989194805,1.009246753,NaN
5.896909091,1.011361039,NaN
5.806607792,1.008997403,NaN
5.715106494,1.007174026,NaN
5.624602597,1.006166234,NaN
5.691288312,1.001672727,NaN
5.952992208,1.000924675,NaN
5.861007792,1.001454545,NaN
5.769215584,0.9992935065,NaN
5.678228571,0.999625974,NaN
5.586758442,1.003974026,NaN
5.992415584,1.006327273,NaN
5.86438961,1.002374026,NaN
5.875662338,1.002166234,NaN
5.811433766,1.001823377,NaN
5.605454545,0.9996883117,NaN
5.517724675,1.001506494,NaN
5.641350649,1.001407792,NaN
5.911890909,1.001662338,NaN
5.866135065,1.000119481,NaN
5.839787013,0.9997194805,NaN
5.747631169,0.9994493506,NaN
5.718,1.001122078,NaN
5.752451948,1.002098701,NaN
5.845350649,1.001501299,NaN
5.812701299,1.000628571,NaN
5.782306494,1.001132468,NaN
5.647184416,0.9994077922,NaN
5.658015584,0.9981714286,NaN
5.879080519,0.9976675325,NaN
5.850093506,0.9973350649,NaN
5.819376623,0.997761039,NaN
5.725974026,0.9975636364,NaN
5.695335065,0.998238961,NaN
5.758057143,0.9971064935,NaN
5.620451948,0.9974545455,NaN
5.785075325,0.9977454545,NaN
5.856696104,0.9965194805,NaN
5.765548052,0.9963844156,NaN
5.735272727,0.9959844156,NaN
5.82787013,0.9963272727,NaN
5.735433766,0.9954857143,NaN
5.893620779,0.9958233766,NaN
5.802862338,0.9972623377,NaN
5.772992208,0.9955428571,NaN
5.866716883,0.9959116883,NaN
5.773397403,0.9958441558,NaN
5.665823377,0.9957038961,NaN
5.839906494,0.9939428571,NaN
5.748597403,0.9977142857,NaN
5.715101299,0.9980519481,NaN
5.816716883,0.9963688312,NaN
5.725085714,0.9961974026,NaN
5.880488312,0.9963480519,NaN
5.78772987,0.9950805195,NaN
5.758903896,0.9950805195,NaN
5.711075325,0.9934701299,NaN
5.627215584,0.9923844156,NaN
5.4884,0.9916,NaN
5.922280519,0.9918441558,NaN
5.827911688,0.9923532468,NaN
5.797153247,0.9921818182,NaN
5.767038961,0.9924103896,NaN
5.674763636,0.9907376623,NaN
5.834072727,0.9919532468,NaN
5.871231169,0.9902077922,NaN
5.841922078,0.9886961039,NaN
5.811205195,0.9886285714,NaN
5.720306494,0.9884727273,NaN
5.581168831,0.9896571429,NaN
5.912425974,0.9880727273,NaN
5.819184416,0.9873454545,NaN
5.853085714,0.9876675325,NaN
5.760768831,0.9876779221,NaN
5.668976623,0.9867324675,NaN
5.738779221,0.986612987,NaN
5.858872727,0.9867324675,NaN
5.714301299,0.9864,NaN
5.675007792,0.9869038961,NaN
5.589174026,0.9886545455,NaN
5.675454545,0.9843168831,NaN
5.827116883,0.9712935065,NaN
5.918576623,0.9578597403,NaN
5.824519481,0.9677298701,NaN
5.732083117,0.9374753247,NaN
5.639968831,0.9341766234,NaN
5.56745974,0.9331480519,NaN
5.963496104,0.9659896104,NaN
5.870919481,0.9620311688,NaN
5.77961039,0.9632207792,NaN
5.688794805,0.9665714286,NaN
5.595714286,0.9684051948,NaN
5.949012987,0.9677714286,NaN
5.920207792,0.9630285714,NaN
5.82761039,0.9614805195,NaN
5.734690909,0.9618753247,NaN
5.643220779,0.9652519481,NaN
5.461423377,0.9637246753,NaN
5.773220779,0.9624363636,NaN
5.868514286,0.9602961039,NaN
5.646763636,0.9586233766,NaN
5.62894026,0.9585298701,NaN
5.702685714,0.958961039,NaN
5.925771429,0.961974026,NaN
5.895771429,0.9640571429,NaN
5.804301299,0.9613350649,NaN
5.71105974,NaN,NaN
5.747293506,NaN,NaN
5.655501299,NaN,NaN
5.946176623,NaN,NaN
5.854062338,NaN,NaN
5.76054026,NaN,NaN
5.733646753,NaN,NaN
5.705142857,NaN,NaN
5.844098701,NaN,NaN
5.903220779,NaN,NaN
5.810784416,NaN,NaN
5.719636364,NaN,NaN
5.750716883,NaN,NaN
5.643563636,NaN,NaN
5.81867013,NaN,NaN
5.753397403,NaN,NaN
5.818612987,NaN,NaN
5.652961039,NaN,NaN
5.816727273,NaN,NaN
5.651662338,NaN,NaN
5.883075325,NaN,NaN
5.78918961,NaN,NaN
5.697397403,NaN,NaN
5.795937662,NaN,NaN
5.767771429,NaN,NaN
5.927662338,NaN,NaN
5.836223377,NaN,NaN
5.745397403,NaN,NaN
5.653807792,NaN,NaN
5.811464935,NaN,NaN
5.751397403,NaN,NaN
5.883490909,NaN,NaN
5.792784416,NaN,NaN
5.69905974,NaN,NaN
5.703750649,NaN,NaN
5.766555844,NaN,NaN
5.916363636,NaN,NaN
5.729236364,NaN,NaN
5.634384416,NaN,NaN
5.650228571,NaN,NaN
5.928311688,NaN,NaN
5.898477922,NaN,NaN
5.869049351,NaN,NaN
5.775324675,NaN,NaN
5.683371429,NaN,NaN
5.554218182,NaN,NaN
5.882244156,NaN,NaN
5.853568831,NaN,NaN
5.824420779,NaN,NaN
5.730212987,NaN,NaN
5.637615584,NaN,NaN
5.923662338,NaN,NaN
5.898176623,NaN,NaN
5.869168831,NaN,NaN
5.776451948,NaN,NaN
5.68465974,NaN,NaN
5.520722078,NaN,NaN
5.879054545,NaN,NaN
5.742483117,NaN,NaN
5.776441558,NaN,NaN
5.718135065,NaN,NaN
5.63052987,NaN,NaN
5.778072727,NaN,NaN
5.946961039,NaN,NaN
5.853880519,NaN,NaN
5.7608,NaN,NaN
5.667880519,NaN,NaN
5.537922078,NaN,NaN
5.992051948,NaN,NaN
5.899293506,NaN,NaN
5.809755844,NaN,NaN
5.715376623,NaN,NaN
5.622135065,NaN,NaN
5.654342857,NaN,NaN
5.947111688,NaN,NaN
5.854394805,NaN,NaN
5.761314286,NaN,NaN
5.669844156,NaN,NaN
5.543215584,NaN,NaN
5.992233766,NaN,NaN
5.771568831,NaN,NaN
5.727122078,NaN,NaN
5.673979221,NaN,NaN
5.734025974,NaN,NaN
5.637402597,NaN,NaN
5.929387013,NaN,NaN
5.835662338,NaN,NaN
5.74225974,NaN,NaN
5.649984416,NaN,NaN
5.685090909,NaN,NaN
5.973875325,NaN,NaN
5.88372987,NaN,NaN
5.792145455,NaN,NaN
5.699236364,NaN,NaN
5.73252987,NaN,NaN
5.593433766,NaN,NaN
5.932903896,NaN,NaN
5.841293506,NaN,NaN
5.749361039,NaN,NaN
5.658535065,NaN,NaN
5.69187013,NaN,NaN
5.845703896,NaN,NaN
5.79732987,NaN,NaN
5.781085714,NaN,NaN
5.659220779,NaN,NaN
5.726877922,NaN,NaN
5.825672727,NaN,NaN
5.922477922,NaN,NaN
5.829880519,NaN,NaN
5.737485714,NaN,NaN
5.643236364,NaN,NaN
5.803984416,NaN,NaN
5.963231169,NaN,NaN
5.873885714,NaN,NaN
5.780846753,NaN,NaN
5.688893506,NaN,NaN
5.721464935,NaN,NaN
5.806976623,NaN,NaN
5.92078961,NaN,NaN
5.829361039,NaN,NaN
5.737085714,NaN,NaN
5.64492987,NaN,NaN
5.740103896,NaN,NaN
5.964415584,NaN,NaN
5.872561039,NaN,NaN
5.640945455,NaN,NaN
5.775293506,NaN,NaN
5.718877922,NaN,NaN
5.842166234,NaN,NaN
5.876103896,NaN,NaN
5.784472727,NaN,NaN
5.692036364,NaN,NaN
5.725454545,NaN,NaN
5.822197403,NaN,NaN
5.83214026,NaN,NaN
5.823163636,NaN,NaN
5.73121039,NaN,NaN
5.762893506,NaN,NaN
5.732296104,NaN,NaN
5.890093506,NaN,NaN
5.861812987,NaN,NaN
5.772555844,NaN,NaN
5.604587013,NaN,NaN
5.618597403,NaN,NaN
5.593911688,NaN,NaN
5.65598961,NaN,NaN
5.574888312,NaN,NaN
5.807922078,NaN,NaN
5.78705974,NaN,NaN
5.768498701,NaN,NaN
5.73758961,NaN,NaN
5.829542857,NaN,NaN
5.801683117,NaN,NaN
5.769797403,NaN,NaN
5.803496104,NaN,NaN
5.777366234,NaN,NaN
5.809735065,NaN,NaN
5.839205195,NaN,NaN
5.748057143,NaN,NaN
5.713916883,NaN,NaN
5.750633766,NaN,NaN
5.783194805,NaN,NaN
5.879636364,NaN,NaN
5.787563636,NaN,NaN
5.757568831,NaN,NaN
5.789454545,NaN,NaN
5.75892987,NaN,NaN
5.851012987,NaN,NaN
5.797979221,NaN,NaN
5.693101299,NaN,NaN
5.507309091,NaN,NaN
5.836815584,NaN,NaN
5.803963636,NaN,NaN
5.835205195,NaN,NaN
5.745023377,NaN,NaN
5.651781818,NaN,NaN
5.873651948,NaN,NaN
5.844363636,NaN,NaN
5.877085714,NaN,NaN
5.786301299,NaN,NaN
5.693984416,NaN,NaN
5.789641558,NaN,NaN
5.824436364,NaN,NaN
5.748748052,NaN,NaN
5.827818182,NaN,NaN
5.734737662,NaN,NaN
5.617823377,NaN,NaN
5.756779221,NaN,NaN
5.831683117,NaN,NaN
5.760181818,NaN,NaN
5.634732468,NaN,NaN
5.675636364,NaN,NaN
5.520223377,NaN,NaN
5.917667532,NaN,NaN
5.887272727,NaN,NaN
5.795761039,NaN,NaN
5.70267013,NaN,NaN
5.611038961,NaN,NaN
5.830857143,NaN,NaN
5.933838961,NaN,NaN
5.844062338,NaN,NaN
5.751142857,NaN,NaN
5.65918961,NaN,NaN
5.649849351,NaN,NaN
5.917314286,NaN,NaN
5.890805195,NaN,NaN
5.799496104,NaN,NaN
5.707423377,NaN,NaN
5.616597403,NaN,NaN
5.621428571,NaN,NaN
5.94225974,NaN,NaN
5.724976623,NaN,NaN
5.717890909,NaN,NaN
5.625454545,NaN,NaN
5.684072727,NaN,NaN
5.76547013,NaN,NaN
5.879735065,NaN,NaN
5.786976623,NaN,NaN
5.693776623,NaN,NaN
5.575735065,NaN,NaN
5.830337662,NaN,NaN
5.9268,NaN,NaN
5.834846753,NaN,NaN
5.743709091,NaN,NaN
5.651111688,NaN,NaN
5.647568831,NaN,NaN
5.913745455,NaN,NaN
5.886067532,NaN,NaN
5.793792208,NaN,NaN
5.700872727,NaN,NaN
5.671724675,NaN,NaN
5.609885714,NaN,NaN
5.886711688,NaN,NaN
5.745724675,NaN,NaN
5.623251948,NaN,NaN
5.525662338,NaN,NaN
5.79814026,NaN,NaN
5.801994805,NaN,NaN
5.864316883,NaN,NaN
5.772685714,NaN,NaN
5.679444156,NaN,NaN
5.614503896,NaN,NaN
5.816368831,NaN,NaN
5.913314286,NaN,NaN
5.820394805,NaN,NaN
5.730212987,NaN,NaN
5.639225974,NaN,NaN
5.678919481,NaN,NaN
5.899761039,NaN,NaN
5.870441558,NaN,NaN
5.778337662,NaN,NaN
5.685579221,NaN,NaN
5.658436364,NaN,NaN
5.693220779,NaN,NaN
5.833122078,NaN,NaN
5.72894026,NaN,NaN
5.60638961,NaN,NaN
5.693875325,NaN,NaN
5.761148052,NaN,NaN
5.721854545,NaN,NaN
5.854067532,NaN,NaN
5.760181818,NaN,NaN
5.667625974,NaN,NaN
5.682161039,NaN,NaN
5.865220779,NaN,NaN
5.8992,NaN,NaN
5.806602597,NaN,NaN
5.714088312,NaN,NaN
5.622618182,NaN,NaN
5.78587013,NaN,NaN
5.786394805,NaN,NaN
5.856124675,NaN,NaN
5.764576623,NaN,NaN
5.673516883,NaN,NaN
5.586233766,NaN,NaN
5.868041558,NaN,NaN
5.816477922,NaN,NaN
5.767542857,NaN,NaN
5.595392208,NaN,NaN
5.608114286,NaN,NaN
5.745641558,NaN,NaN
5.935355844,NaN,NaN
5.844851948,NaN,NaN
5.751651948,NaN,NaN
5.659506494,NaN,NaN
5.479625974,NaN,NaN
5.919568831,NaN,NaN
5.891402597,NaN,NaN
5.798805195,NaN,NaN
5.708181818,NaN,NaN
5.614457143,NaN,NaN
5.777018182,NaN,NaN
5.939345455,NaN,NaN
5.848961039,NaN,NaN
5.755880519,NaN,NaN
5.663605195,NaN,NaN
5.634316883,NaN,NaN
5.826919481,NaN,NaN
5.854851948,NaN,NaN
5.808602597,NaN,NaN
5.664431169,NaN,NaN
5.729148052,NaN,NaN
5.701974026,NaN,NaN
5.922566234,NaN,NaN
5.829444156,NaN,NaN
5.735064935,NaN,NaN
5.643906494,NaN,NaN
5.741838961,NaN,NaN
5.890919481,NaN,NaN
5.875963636,NaN,NaN
5.783838961,NaN,NaN
5.692690909,NaN,NaN
5.724825974,NaN,NaN
5.743688312,NaN,NaN
5.923407792,NaN,NaN
5.831012987,NaN,NaN
5.738415584,NaN,NaN
5.647106494,NaN,NaN
5.680119481,NaN,NaN
5.968057143,NaN,NaN
5.727625974,NaN,NaN
5.648877922,NaN,NaN
5.658036364,NaN,NaN
5.773412987,NaN,NaN
5.810893506,NaN,NaN
5.907283117,NaN,NaN
5.815558442,NaN,NaN
5.722961039,NaN,NaN
5.631007792,NaN,NaN
5.855449351,NaN,NaN
5.791896104,NaN,NaN
5.861787013,NaN,NaN
5.770316883,NaN,NaN
5.677880519,NaN,NaN
5.587537662,NaN,NaN
5.788192208,NaN,NaN
5.909615584,NaN,NaN
5.816535065,NaN,NaN
5.725387013,NaN,NaN
5.631490909,NaN,NaN
5.790114286,NaN,NaN
5.767309091,NaN,NaN
5.809984416,NaN,NaN
5.753397403,NaN,NaN
5.699153247,NaN,NaN
5.668067532,NaN,NaN
5.721896104,NaN,NaN
5.861958442,NaN,NaN
5.770166234,NaN,NaN
5.67772987,NaN,NaN
5.710420779,NaN,NaN
5.868924675,NaN,NaN
5.900607792,NaN,NaN
5.810425974,NaN,NaN
5.717225974,NaN,NaN
5.749231169,NaN,NaN
5.656955844,NaN,NaN
5.867355844,NaN,NaN
5.848150649,NaN,NaN
5.757324675,NaN,NaN
5.728337662,NaN,NaN
5.697901299,NaN,NaN
5.854192208,NaN,NaN
5.894774026,NaN,NaN
5.739735065,NaN,NaN
5.593953247,NaN,NaN
5.826322078,NaN,NaN
5.733402597,NaN,NaN
5.888161039,NaN,NaN
5.796207792,NaN,NaN
5.702805195,NaN,NaN
5.676233766,NaN,NaN
5.770602597,NaN,NaN
5.813277922,NaN,NaN
5.835823377,NaN,NaN
5.653812987,NaN,NaN
5.534202597,NaN,NaN
5.500332468,NaN,NaN
5.675412987,NaN,NaN
5.974093506,NaN,NaN
5.847838961,NaN,NaN
5.768768831,NaN,NaN
5.738342857,NaN,NaN
5.644457143,NaN,NaN
5.738987013,NaN,NaN
5.860561039,NaN,NaN
5.703246753,NaN,NaN
5.713111688,NaN,NaN
5.784249351,NaN,NaN
5.876503896,NaN,NaN
5.780706494,NaN,NaN
5.814363636,NaN,NaN
5.721927273,NaN,NaN
5.691179221,NaN,NaN
5.78892987,NaN,NaN
5.822187013,NaN,NaN
5.854877922,NaN,NaN
5.762441558,NaN,NaN
5.670327273,NaN,NaN
5.765501299,NaN,NaN
5.862555844,NaN,NaN
5.753371429,NaN,NaN
5.801127273,NaN,NaN
5.708436364,NaN,NaN
5.739464935,NaN,NaN
5.794342857,NaN,NaN
5.804768831,NaN,NaN
5.783672727,NaN,NaN
5.699449351,NaN,NaN
5.651781818,NaN,NaN
5.685116883,NaN,NaN
5.953288312,NaN,NaN
5.86052987,NaN,NaN
5.769703896,NaN,NaN
5.676784416,NaN,NaN
5.548114286,NaN,NaN
5.767974026,NaN,NaN
5.908883117,NaN,NaN
5.816285714,NaN,NaN
5.7224,NaN,NaN
5.632218182,NaN,NaN
5.684233766,NaN,NaN
5.955906494,NaN,NaN
5.863309091,NaN,NaN
5.768981818,NaN,NaN
5.678114286,NaN,NaN
5.570987013,NaN,NaN
5.768742857,NaN,NaN
5.854093506,NaN,NaN
5.682706494,NaN,NaN
5.797631169,NaN,NaN
5.606976623,NaN,NaN
5.71907013,NaN,NaN
5.833246753,NaN,NaN
5.848223377,NaN,NaN
5.755454545,NaN,NaN
5.66334026,NaN,NaN
5.699412987,NaN,NaN
5.817132468,NaN,NaN
5.896124675,NaN,NaN
5.804290909,NaN,NaN
5.709761039,NaN,NaN
5.681257143,NaN,NaN
5.715558442,NaN,NaN
5.94465974,NaN,NaN
5.854212987,NaN,NaN
5.760971429,NaN,NaN
5.669844156,NaN,NaN
5.703137662,NaN,NaN
5.863371429,NaN,NaN
5.758898701,NaN,NaN
5.750363636,NaN,NaN
5.705724675,NaN,NaN
5.556753247,NaN,NaN
5.767553247,NaN,NaN
5.925574026,NaN,NaN
5.832451948,NaN,NaN
5.74065974,NaN,NaN
5.647942857,NaN,NaN
5.811376623,NaN,NaN
5.909225974,NaN,NaN
5.880602597,NaN,NaN
5.788327273,NaN,NaN
5.696093506,NaN,NaN
5.580264935,NaN,NaN
5.768218182,NaN,NaN
5.930223377,NaN,NaN
5.838109091,NaN,NaN
5.747283117,NaN,NaN
5.65532987,NaN,NaN
5.649532468,NaN,NaN
5.813792208,NaN,NaN
5.785771429,NaN,NaN
5.680935065,NaN,NaN
5.701709091,NaN,NaN
5.660966234,NaN,NaN
5.77798961,NaN,NaN
5.848836364,NaN,NaN
5.828919481,NaN,NaN
5.735314286,NaN,NaN
5.643038961,NaN,NaN
5.704290909,NaN,NaN
5.840348052,NaN,NaN
5.875132468,NaN,NaN
5.783501299,NaN,NaN
5.691548052,NaN,NaN
5.72572987,NaN,NaN
5.826337662,NaN,NaN
5.861122078,NaN,NaN
5.830244156,NaN,NaN
5.737324675,NaN,NaN
5.633496104,NaN,NaN
5.679714286,NaN,NaN
5.84027013,NaN,NaN
5.790368831,NaN,NaN
5.697911688,NaN,NaN
5.583574026,NaN,NaN
5.634919481,NaN,NaN
5.62,NaN,NaN
5.904514286,NaN,NaN
5.812077922,NaN,NaN
5.720768831,NaN,NaN
5.628374026,NaN,NaN
5.791948052,NaN,NaN
5.889579221,NaN,NaN
5.859625974,NaN,NaN
5.767953247,NaN,NaN
5.676161039,NaN,NaN
5.578893506,NaN,NaN
5.873111688,NaN,NaN
5.909548052,NaN,NaN
5.816306494,NaN,NaN
5.726327273,NaN,NaN
5.633407792,NaN,NaN
5.675397403,NaN,NaN
5.955454545,NaN,NaN
5.679755844,NaN,NaN
5.675127273,NaN,NaN
5.665558442,NaN,NaN
5.702987013,NaN,NaN
5.863703896,NaN,NaN
5.898488312,NaN,NaN
5.804883117,NaN,NaN
5.715345455,NaN,NaN
5.623714286,NaN,NaN
5.598311688,NaN,NaN
5.948046753,NaN,NaN
5.855288312,NaN,NaN
5.762690909,NaN,NaN
5.670737662,NaN,NaN
5.609683117,NaN,NaN
5.754135065,NaN,NaN
5.90374026,NaN,NaN
5.810701299,NaN,NaN
5.720477922,NaN,NaN
5.627397403,NaN,NaN
5.628888312,NaN,NaN
5.803657143,NaN,NaN
5.825267532,NaN,NaN
5.760093506,NaN,NaN
5.740005195,NaN,NaN
5.674846753,NaN,NaN
5.858976623,NaN,NaN
5.892571429,NaN,NaN
5.797880519,NaN,NaN
5.704919481,NaN,NaN
5.548550649,NaN,NaN
5.777387013,NaN,NaN
5.874815584,NaN,NaN
5.84598961,NaN,NaN
5.753875325,NaN,NaN
5.662114286,NaN,NaN
5.697542857,NaN,NaN
5.750966234,NaN,NaN
5.895750649,NaN,NaN
5.80265974,NaN,NaN
5.710394805,NaN,NaN
5.682363636,NaN,NaN
5.730384416,NaN,NaN
5.838576623,NaN,NaN
5.778025974,NaN,NaN
5.808223377,NaN,NaN
5.75081039,NaN,NaN
5.721693506,NaN,NaN
5.882451948,NaN,NaN
5.853745455,NaN,NaN
5.760664935,NaN,NaN
5.669719481,NaN,NaN
5.765054545,NaN,NaN
5.73332987,NaN,NaN
5.890181818,NaN,NaN
5.799838961,NaN,NaN
5.707324675,NaN,NaN
5.740296104,NaN,NaN
5.710987013,NaN,NaN
5.870737662,NaN,NaN
5.839174026,NaN,NaN
5.746737662,NaN,NaN
5.606472727,NaN,NaN
5.747703896,NaN,NaN
5.740779221,NaN,NaN
5.855158442,NaN,NaN
5.822368831,NaN,NaN
5.561293506,NaN,NaN
5.817605195,NaN,NaN
5.786846753,NaN,NaN
5.793449351,NaN,NaN
5.7888,NaN,NaN
5.695054545,NaN,NaN
5.784893506,NaN,NaN
5.824348052,NaN,NaN
5.797314286,NaN,NaN
5.830649351,NaN,NaN
5.738696104,NaN,NaN
5.645937662,NaN,NaN
5.804722078,NaN,NaN
5.77492987,NaN,NaN
5.871714286,NaN,NaN
5.778472727,NaN,NaN
5.687324675,NaN,NaN
5.780285714,NaN,NaN
5.811890909,NaN,NaN
5.783506494,NaN,NaN
5.809937662,NaN,NaN
5.632805195,NaN,NaN
5.651485714,NaN,NaN
5.889018182,NaN,NaN
5.85825974,NaN,NaN
5.829111688,NaN,NaN
5.63958961,NaN,NaN
5.533132468,NaN,NaN
5.507761039,NaN,NaN
5.731542857,NaN,NaN
5.70278961,NaN,NaN
5.673802597,NaN,NaN
5.58201039,NaN,NaN
5.552337662,NaN,NaN
5.584545455,NaN,NaN
5.747677922,NaN,NaN
5.718581818,NaN,NaN
5.626950649,NaN,NaN
5.507703896,NaN,NaN
5.562909091,NaN,NaN
5.720867532,NaN,NaN
5.642119481,NaN,NaN
5.687090909,NaN,NaN
5.601522078,NaN,NaN
5.494124675,NaN,NaN
5.684633766,NaN,NaN
5.777392208,NaN,NaN
5.684472727,NaN,NaN
5.592025974,NaN,NaN
5.500535065,NaN,NaN
5.554041558,NaN,NaN
5.63905974,NaN,NaN
5.730971429,NaN,NaN
5.638945455,NaN,NaN
5.544514286,NaN,NaN
5.423220779,NaN,NaN
5.681387013,NaN,NaN
5.779781818,NaN,NaN
5.687828571,NaN,NaN
5.594587013,NaN,NaN
5.503116883,NaN,NaN
5.529366234,NaN,NaN
5.688171429,NaN,NaN
5.750997403,NaN,NaN
5.455651948,NaN,NaN
5.520228571,NaN,NaN
5.506036364,NaN,NaN
5.658561039,NaN,NaN
5.76532987,NaN,NaN
5.67227013,NaN,NaN
5.578223377,NaN,NaN
5.485625974,NaN,NaN
5.648114286,NaN,NaN
5.738337662,NaN,NaN
5.714623377,NaN,NaN
5.623314286,NaN,NaN
5.529911688,NaN,NaN
5.532498701,NaN,NaN
5.663745455,NaN,NaN
5.76358961,NaN,NaN
5.671153247,NaN,NaN
5.577911688,NaN,NaN
5.485194805,NaN,NaN
5.644098701,NaN,NaN
5.806348052,NaN,NaN
5.607220779,NaN,NaN
5.548763636,NaN,NaN
5.445418182,NaN,NaN
5.612545455,NaN,NaN
5.688254545,NaN,NaN
5.74321039,NaN,NaN
5.649444156,NaN,NaN
5.555880519,NaN,NaN
5.462316883,NaN,NaN
5.655241558,NaN,NaN
5.716114286,NaN,NaN
5.698722078,NaN,NaN
5.604836364,NaN,NaN
5.512924675,NaN,NaN
5.521942857,NaN,NaN
5.774228571,NaN,NaN
5.746872727,NaN,NaN
5.654758442,NaN,NaN
5.561033766,NaN,NaN
5.468748052,NaN,NaN
5.68612987,NaN,NaN
5.676607792,NaN,NaN
5.600135065,NaN,NaN
5.59985974,NaN,NaN
5.692041558,NaN,NaN
5.520212987,NaN,NaN
5.816524675,NaN,NaN
5.911096104,NaN,NaN
5.819625974,NaN,NaN
5.726987013,NaN,NaN
5.634550649,NaN,NaN
5.760846753,NaN,NaN
5.896077922,NaN,NaN
5.866649351,NaN,NaN
5.775179221,NaN,NaN
5.683709091,NaN,NaN
5.591755844,NaN,NaN
5.778238961,NaN,NaN
5.855215584,NaN,NaN
5.825262338,NaN,NaN
5.732181818,NaN,NaN
5.640550649,NaN,NaN
5.742109091,NaN,NaN
5.897225974,NaN,NaN
5.814031169,NaN,NaN
5.712737662,NaN,NaN
5.572893506,NaN,NaN
5.615387013,NaN,NaN
5.930711688,NaN,NaN
5.902649351,NaN,NaN
5.809890909,NaN,NaN
5.718420779,NaN,NaN
5.625864935,NaN,NaN
5.722467532,NaN,NaN
5.948264935,NaN,NaN
5.854218182,NaN,NaN
5.762587013,NaN,NaN
5.66998961,NaN,NaN
5.538420779,NaN,NaN
5.931625974,NaN,NaN
5.904784416,NaN,NaN
5.811381818,NaN,NaN
5.719148052,NaN,NaN
5.628161039,NaN,NaN
5.723174026,NaN,NaN
5.765688312,NaN,NaN
5.820119481,NaN,NaN
5.81838961,NaN,NaN
5.706405195,NaN,NaN
5.644425974,NaN,NaN
5.756348052,NaN,NaN
5.896774026,NaN,NaN
5.804015584,NaN,NaN
5.710935065,NaN,NaN
5.616566234,NaN,NaN
5.696602597,NaN,NaN
5.826722078,NaN,NaN
5.851683117,NaN,NaN
5.75972987,NaN,NaN
5.666488312,NaN,NaN
5.751085714,NaN,NaN
5.763111688,NaN,NaN
5.90241039,NaN,NaN
5.80921039,NaN,NaN
5.719631169,NaN,NaN
5.628041558,NaN,NaN
5.725309091,NaN,NaN
5.795361039,NaN,NaN
5.879906494,NaN,NaN
5.799807792,NaN,NaN
5.698696104,NaN,NaN
5.700950649,NaN,NaN
5.795158442,NaN,NaN
5.892467532,NaN,NaN
5.79987013,NaN,NaN
5.707714286,NaN,NaN
5.614794805,NaN,NaN
5.634924675,NaN,NaN
5.874592208,NaN,NaN
5.846046753,NaN,NaN
5.753771429,NaN,NaN
5.662020779,NaN,NaN
5.692618182,NaN,NaN
5.855225974,NaN,NaN
5.89145974,NaN,NaN
5.798057143,NaN,NaN
5.706909091,NaN,NaN
5.616083117,NaN,NaN
5.712202597,NaN,NaN
5.848322078,NaN,NaN
5.74092987,NaN,NaN
5.659080519,NaN,NaN
5.749090909,NaN,NaN
5.635558442,NaN,NaN
5.807267532,NaN,NaN
5.850545455,NaN,NaN
5.75665974,NaN,NaN
5.726851948,NaN,NaN
5.697761039,NaN,NaN
5.784025974,NaN,NaN
5.88694026,NaN,NaN
5.796436364,NaN,NaN
5.704566234,NaN,NaN
5.735766234,NaN,NaN
5.704903896,NaN,NaN
5.866254545,NaN,NaN
5.83614026,NaN,NaN
5.74467013,NaN,NaN
5.775350649,NaN,NaN
5.645309091,NaN,NaN
5.83865974,NaN,NaN
5.786280519,NaN,NaN
5.6808,NaN,NaN
5.72412987,NaN,NaN
5.811412987,NaN,NaN
5.780493506,NaN,NaN
5.873574026,NaN,NaN
5.781298701,NaN,NaN
5.687896104,NaN,NaN
5.687231169,NaN,NaN
5.756981818,NaN,NaN
5.810285714,NaN,NaN
5.823651948,NaN,NaN
5.732342857,NaN,NaN
5.640872727,NaN,NaN
5.799418182,NaN,NaN
5.715636364,NaN,NaN
5.867012987,NaN,NaN
5.775703896,NaN,NaN
5.683106494,NaN,NaN
5.686005195,NaN,NaN
5.746716883,NaN,NaN
5.758955844,NaN,NaN
5.698909091,NaN,NaN
5.638358442,NaN,NaN
5.551075325,NaN,NaN
5.880561039,NaN,NaN
5.848176623,NaN,NaN
5.819407792,NaN,NaN
5.728732468,NaN,NaN
5.636768831,NaN,NaN
5.793802597,NaN,NaN
5.830005195,NaN,NaN
5.863844156,NaN,NaN
5.771537662,NaN,NaN
5.679423377,NaN,NaN
5.648664935,NaN,NaN
5.87267013,NaN,NaN
5.829511688,NaN,NaN
5.812924675,NaN,NaN
5.719361039,NaN,NaN
5.689085714,NaN,NaN
5.703579221,NaN,NaN
5.817916883,NaN,NaN
5.671636364,NaN,NaN
5.470124675,NaN,NaN
5.537594805,NaN,NaN
5.733631169,NaN,NaN
5.802524675,NaN,NaN
5.828020779,NaN,NaN
5.862322078,NaN,NaN
5.768971429,NaN,NaN
5.676212987,NaN,NaN
5.604550649,NaN,NaN
5.811807792,NaN,NaN
5.908109091,NaN,NaN
5.815833766,NaN,NaN
5.723397403,NaN,NaN
5.615018182,NaN,NaN
5.631090909,NaN,NaN
5.891792208,NaN,NaN
5.865080519,NaN,NaN
5.772685714,NaN,NaN
5.68052987,NaN,NaN
5.595542857,NaN,NaN
5.813750649,NaN,NaN
5.814555844,NaN,NaN
5.709880519,NaN,NaN
5.71692987,NaN,NaN
5.537075325,NaN,NaN
5.675568831,NaN,NaN
5.884098701,NaN,NaN
5.853090909,NaN,NaN
5.760301299,NaN,NaN
5.669153247,NaN,NaN
5.594451948,NaN,NaN
5.68545974,NaN,NaN
5.903225974,NaN,NaN
5.80934026,NaN,NaN
5.715937662,NaN,NaN
5.624841558,NaN,NaN
5.665402597,NaN,NaN
5.948690909,NaN,NaN
5.854524675,NaN,NaN
5.761927273,NaN,NaN
5.66921039,NaN,NaN
5.591849351,NaN,NaN
5.801423377,NaN,NaN
5.729911688,NaN,NaN
5.715579221,NaN,NaN
5.779371429,NaN,NaN
5.578093506,NaN,NaN
5.763127273,NaN,NaN
5.920020779,NaN,NaN
5.826415584,NaN,NaN
5.734763636,NaN,NaN
5.642275325,NaN,NaN
5.677220779,NaN,NaN
5.828275325,NaN,NaN
5.874815584,NaN,NaN
5.782379221,NaN,NaN
5.689288312,NaN,NaN
5.613116883,NaN,NaN
5.758415584,NaN,NaN
5.919937662,NaN,NaN
5.828425974,NaN,NaN
5.735667532,NaN,NaN
5.644519481,NaN,NaN
5.678057143,NaN,NaN
5.840181818,NaN,NaN
5.67398961,NaN,NaN
5.696867532,NaN,NaN
5.711568831,NaN,NaN
5.637423377,NaN,NaN
5.731148052,NaN,NaN
5.904264935,NaN,NaN
5.812192208,NaN,NaN
5.719714286,NaN,NaN
5.627761039,NaN,NaN
5.789937662,NaN,NaN
5.77947013,NaN,NaN
5.861641558,NaN,NaN
5.768077922,NaN,NaN
5.675641558,NaN,NaN
5.513838961,NaN,NaN
5.68321039,NaN,NaN
5.905574026,NaN,NaN
5.812815584,NaN,NaN
5.720046753,NaN,NaN
5.629361039,NaN,NaN
5.72534026,NaN,NaN
5.787823377,NaN,NaN
5.856275325,NaN,NaN
5.671651948,NaN,NaN
5.592763636,NaN,NaN
5.590971429,NaN,NaN
5.795350649,NaN,NaN
5.891168831,NaN,NaN
5.79841039,NaN,NaN
5.706296104,NaN,NaN
5.61241039,NaN,NaN
5.77505974,NaN,NaN
5.93758961,NaN,NaN
5.845958442,NaN,NaN
5.753158442,NaN,NaN
5.610155844,NaN,NaN
5.631735065,NaN,NaN
5.755293506,NaN,NaN
5.893101299,NaN,NaN
5.801709091,NaN,NaN
5.709298701,NaN,NaN
5.679698701,NaN,NaN
5.595314286,NaN,NaN
5.858332468,NaN,NaN
5.815537662,NaN,NaN
5.794280519,NaN,NaN
5.560633766,NaN,NaN
5.746955844,NaN,NaN
5.61281039,NaN,NaN
5.877075325,NaN,NaN
5.784961039,NaN,NaN
5.69187013,NaN,NaN
5.526805195,NaN,NaN
5.761116883,NaN,NaN
5.923002597,NaN,NaN
5.831812987,NaN,NaN
5.740342857,NaN,NaN
5.647584416,NaN,NaN
5.74654026,NaN,NaN
5.699096104,NaN,NaN
5.88254026,NaN,NaN
5.791433766,NaN,NaN
5.698997403,NaN,NaN
5.665662338,NaN,NaN
5.704612987,NaN,NaN
5.773376623,NaN,NaN
5.862893506,NaN,NaN
5.67785974,NaN,NaN
5.622322078,NaN,NaN
5.800109091,NaN,NaN
5.833283117,NaN,NaN
5.868238961,NaN,NaN
5.775963636,NaN,NaN
5.684654545,NaN,NaN
5.716098701,NaN,NaN
5.820774026,NaN,NaN
5.787319481,NaN,NaN
5.827537662,NaN,NaN
5.733490909,NaN,NaN
5.639605195,NaN,NaN
5.740197403,NaN,NaN
5.769402597,NaN,NaN
5.876311688,NaN,NaN
5.784379221,NaN,NaN
5.693594805,NaN,NaN
5.728176623,NaN,NaN
5.826893506,NaN,NaN
5.861397403,NaN,NaN
5.837038961,NaN,NaN
5.790566234,NaN,NaN
5.616535065,NaN,NaN
5.771979221,NaN,NaN
5.867838961,NaN,NaN
5.8372,NaN,NaN
5.745407792,NaN,NaN
5.653012987,NaN,NaN
5.797116883,NaN,NaN
5.780716883,NaN,NaN
5.873475325,NaN,NaN
5.781522078,NaN,NaN
5.689449351,NaN,NaN
5.720488312,NaN,NaN
5.753179221,NaN,NaN
5.911319481,NaN,NaN
5.819849351,NaN,NaN
5.727090909,NaN,NaN
5.696493506,NaN,NaN
5.72681039,NaN,NaN
5.720961039,NaN,NaN
5.701163636,NaN,NaN
5.72081039,NaN,NaN
5.649090909,NaN,NaN
5.702290909,NaN,NaN
5.828275325,NaN,NaN
5.858550649,NaN,NaN
5.766296104,NaN,NaN
5.673818182,NaN,NaN
5.770233766,NaN,NaN
5.800046753,NaN,NaN
5.834732468,NaN,NaN
5.804779221,NaN,NaN
5.713812987,NaN,NaN
5.576285714,NaN,NaN
5.781553247,NaN,NaN
5.87721039,NaN,NaN
5.849953247,NaN,NaN
5.757880519,NaN,NaN
5.666249351,NaN,NaN
5.693262338,NaN,NaN
5.791979221,NaN,NaN
5.891605195,NaN,NaN
5.793631169,NaN,NaN
5.712103896,NaN,NaN
5.607911688,NaN,NaN
5.751075325,NaN,NaN
5.79825974,NaN,NaN
5.808083117,NaN,NaN
5.716290909,NaN,NaN
5.62465974,NaN,NaN
5.755303896,NaN,NaN
5.818872727,NaN,NaN
5.851241558,NaN,NaN
5.759288312,NaN,NaN
5.66958961,NaN,NaN
5.575262338,NaN,NaN
5.741735065,NaN,NaN
5.896493506,NaN,NaN
5.804098701,NaN,NaN
5.712145455,NaN,NaN
5.621480519,NaN,NaN
5.841563636,NaN,NaN
5.814566234,NaN,NaN
5.845303896,NaN,NaN
5.713412987,NaN,NaN
5.642737662,NaN,NaN
5.464950649,NaN,NaN
5.900883117,NaN,NaN
5.870124675,NaN,NaN
5.775272727,NaN,NaN
5.682997403,NaN,NaN
5.591044156,NaN,NaN
5.94227013,NaN,NaN
5.792815584,NaN,NaN
5.818581818,NaN,NaN
5.727272727,NaN,NaN
5.635038961,NaN,NaN
5.559454545,NaN,NaN
5.898088312,NaN,NaN
5.756737662,NaN,NaN
5.64734026,NaN,NaN
5.561641558,NaN,NaN
5.687241558,NaN,NaN
5.504483117,NaN,NaN
5.915428571,NaN,NaN
5.844758442,NaN,NaN
5.716571429,NaN,NaN
5.624618182,NaN,NaN
5.516077922,NaN,NaN
5.614150649,NaN,NaN
5.917548052,NaN,NaN
5.827698701,NaN,NaN
5.734457143,NaN,NaN
5.642503896,NaN,NaN
5.604831169,NaN,NaN
5.865709091,NaN,NaN
5.874784416,NaN,NaN
5.78278961,NaN,NaN
5.690997403,NaN,NaN
5.599911688,NaN,NaN
5.699755844,NaN,NaN
5.926779221,NaN,NaN
5.835028571,NaN,NaN
5.741132468,NaN,NaN
5.649864935,NaN,NaN
5.566244156,NaN,NaN
5.754005195,NaN,NaN
5.819251948,NaN,NaN
5.687038961,NaN,NaN
5.676581818,NaN,NaN
5.646509091,NaN,NaN
5.750820779,NaN,NaN
5.827345455,NaN,NaN
5.816696104,NaN,NaN
5.72587013,NaN,NaN
5.634561039,NaN,NaN
5.692155844,NaN,NaN
5.741168831,NaN,NaN
5.866477922,NaN,NaN
5.773719481,NaN,NaN
5.681002597,NaN,NaN
5.589490909,NaN,NaN
5.751677922,NaN,NaN
5.851179221,NaN,NaN
5.822503896,NaN,NaN
5.728457143,NaN,NaN
5.635215584,NaN,NaN
5.689163636,NaN,NaN
5.745890909,NaN,NaN
5.718353247,NaN,NaN
5.800441558,NaN,NaN
5.645885714,NaN,NaN
5.489838961,NaN,NaN
5.857490909,NaN,NaN
5.889516883,NaN,NaN
5.79798961,NaN,NaN
5.704062338,NaN,NaN
5.610820779,NaN,NaN
5.654181818,NaN,NaN
5.871906494,NaN,NaN
5.843283117,NaN,NaN
5.752296104,NaN,NaN
5.659215584,NaN,NaN
5.562955844,NaN,NaN
5.752275325,NaN,NaN
5.891594805,NaN,NaN
5.800477922,NaN,NaN
5.706742857,NaN,NaN
5.615464935,NaN,NaN
5.709812987,NaN,NaN
5.832862338,NaN,NaN
5.705225974,NaN,NaN
5.680945455,NaN,NaN
5.678088312,NaN,NaN
5.680742857,NaN,NaN
5.84001039,NaN,NaN
5.873345455,NaN,NaN
5.778815584,NaN,NaN
5.786051948,NaN,NaN
5.709236364,NaN,NaN
5.724696104,NaN,NaN
5.95481039,NaN,NaN
5.941927273,NaN,NaN
5.849974026,NaN,NaN
5.748841558,NaN,NaN
5.791194805,NaN,NaN
5.637241558,NaN,NaN
5.99345974,NaN,NaN
5.893506494,NaN,NaN
5.801511688,NaN,NaN
5.708753247,NaN,NaN
5.744020779,NaN,NaN
5.858197403,NaN,NaN
5.868181818,NaN,NaN
5.738114286,NaN,NaN
5.718903896,NaN,NaN
5.623251948,NaN,NaN
5.821490909,NaN,NaN
5.981563636,NaN,NaN
5.889127273,NaN,NaN
5.795885714,NaN,NaN
5.702794805,NaN,NaN
5.866088312,NaN,NaN
5.965449351,NaN,NaN
5.934950649,NaN,NaN
5.843537662,NaN,NaN
5.752862338,NaN,NaN
5.649688312,NaN,NaN
5.887361039,NaN,NaN
5.987225974,NaN,NaN
5.895433766,NaN,NaN
5.803963636,NaN,NaN
5.711890909,NaN,NaN
5.696753247,NaN,NaN
5.870997403,NaN,NaN
5.958545455,NaN,NaN
5.861657143,NaN,NaN
5.70705974,NaN,NaN
5.53507013,NaN,NaN
5.862623377,NaN,NaN
5.970197403,NaN,NaN
5.877288312,NaN,NaN
5.784046753,NaN,NaN
5.690483117,NaN,NaN
5.850051948,NaN,NaN
5.857038961,NaN,NaN
5.923345455,NaN,NaN
5.832197403,NaN,NaN
5.739116883,NaN,NaN
5.672124675,NaN,NaN
5.872618182,NaN,NaN
5.972623377,NaN,NaN
5.880025974,NaN,NaN
5.788114286,NaN,NaN
5.696924675,NaN,NaN
5.856192208,NaN,NaN
5.904,NaN,NaN
5.911911688,NaN,NaN
5.779849351,NaN,NaN
5.826571429,NaN,NaN
5.73494026,NaN,NaN
5.863007792,NaN,NaN
5.924805195,NaN,NaN
5.830758442,NaN,NaN
5.738685714,NaN,NaN
5.770571429,NaN,NaN
5.92638961,NaN,NaN
5.95947013,NaN,NaN
5.868,NaN,NaN
5.775563636,NaN,NaN
5.805677922,NaN,NaN
5.713241558,NaN,NaN
5.935475325,NaN,NaN
5.906005195,NaN,NaN
5.812644156,NaN,NaN
5.772846753,NaN,NaN
5.754187013,NaN,NaN
5.799277922,NaN,NaN
5.896748052,NaN,NaN
5.725433766,NaN,NaN
5.672290909,NaN,NaN
5.797418182,NaN,NaN
5.796784416,NaN,NaN
5.951703896,NaN,NaN
5.858987013,NaN,NaN
5.765251948,NaN,NaN
5.765735065,NaN,NaN
5.831116883,NaN,NaN
5.795366234,NaN,NaN
5.895371429,NaN,NaN
5.805028571,NaN,NaN
5.717080519,NaN,NaN
5.747096104,NaN,NaN
5.839854545,NaN,NaN
5.93518961,NaN,NaN
5.842581818,NaN,NaN
5.750135065,NaN,NaN
5.782020779,NaN,NaN
5.811963636,NaN,NaN
5.971038961,NaN,NaN
5.825309091,NaN,NaN
5.738758442,NaN,NaN
5.638176623,NaN,NaN
5.879792208,NaN,NaN
5.911205195,NaN,NaN
5.879802597,NaN,NaN
5.787688312,NaN,NaN
5.695251948,NaN,NaN
5.855366234,NaN,NaN
5.950218182,NaN,NaN
5.920825974,NaN,NaN
5.829438961,NaN,NaN
5.737646753,NaN,NaN
5.762316883,NaN,NaN
5.928249351,NaN,NaN
5.901355844,NaN,NaN
5.871563636,NaN,NaN
5.779288312,NaN,NaN
5.687418182,NaN,NaN
5.843948052,NaN,NaN
5.841651948,NaN,NaN
5.825225974,NaN,NaN
5.711532468,NaN,NaN
5.73238961,NaN,NaN
5.645387013,NaN,NaN
5.900311688,NaN,NaN
5.937231169,NaN,NaN
5.844311688,NaN,NaN
5.751672727,NaN,NaN
5.658109091,NaN,NaN
5.834758442,NaN,NaN
5.982462338,NaN,NaN
5.889984416,NaN,NaN
5.799158442,NaN,NaN
5.705475325,NaN,NaN
5.714654545,NaN,NaN
5.939080519,NaN,NaN
5.937007792,NaN,NaN
5.845537662,NaN,NaN
5.752701299,NaN,NaN
5.721558442,NaN,NaN
5.759283117,NaN,NaN
5.870742857,NaN,NaN
5.804748052,NaN,NaN
5.674587013,NaN,NaN
5.64865974,NaN,NaN
5.853662338,NaN,NaN
5.926654545,NaN,NaN
5.920815584,NaN,NaN
5.827251948,NaN,NaN
5.733849351,NaN,NaN
5.705464935,NaN,NaN
5.693168831,NaN,NaN
5.849407792,NaN,NaN
5.763797403,NaN,NaN
5.675864935,NaN,NaN
5.778612987,NaN,NaN
5.734851948,NaN,NaN
5.752888312,NaN,NaN
5.862846753,NaN,NaN
5.904394805,NaN,NaN
5.811797403,NaN,NaN
5.720166234,NaN,NaN
5.815501299,NaN,NaN
5.914379221,NaN,NaN
5.856909091,NaN,NaN
5.75161039,NaN,NaN
5.818561039,NaN,NaN
5.64918961,NaN,NaN
5.880280519,NaN,NaN
5.975657143,NaN,NaN
5.883501299,NaN,NaN
5.791106494,NaN,NaN
5.698025974,NaN,NaN
5.783657143,NaN,NaN
5.922716883,NaN,NaN
5.929922078,NaN,NaN
5.838935065,NaN,NaN
5.746176623,NaN,NaN
5.654031169,NaN,NaN
5.799667532,NaN,NaN
5.977745455,NaN,NaN
5.885309091,NaN,NaN
5.79227013,NaN,NaN
5.700477922,NaN,NaN
5.712176623,NaN,NaN
6.022883117,NaN,NaN
5.898576623,NaN,NaN
5.770431169,NaN,NaN
5.700701299,NaN,NaN
5.754446753,NaN,NaN
5.921324675,NaN,NaN
5.955464935,NaN,NaN
5.863875325,NaN,NaN
5.77187013,NaN,NaN
5.67878961,NaN,NaN
5.777225974,NaN,NaN
