CPU(J),Exhaustivo,Aleatorio,Evolutivo
3.34,3.34,3.42,3.23
3.4,3.4,3.21,3.26
3.28,3.28,3.16,3.3
3.31,3.31,3.21,3.31
3.37,3.37,3.24,3.3
3.42,3.42,3.28,3.2
3.24,3.24,3.32,3.25
3.33,3.33,3.23,3.23
3.31,3.31,3.32,3.3
3.29,3.29,3.33,3.26
3.37,3.37,3.23,3.17
3.29,3.29,3.25,3.28
3.25,3.25,3.37,3.24
3.48,3.48,2.76,3.37
3.41,3.41,,3.19
3.33,3.33,,3.37
3.32,3.32,,3.31
3.3,3.3,,3.19
3.4,3.4,,3.35
3.25,3.25,,3.24
3.34,3.34,,3.26
3.51,3.51,,3.3
3.37,3.37,,3.33
3.26,3.26,,3.3
3.3,3.3,,3.31
3.24,3.24,,3.26
3.37,3.37,,3.32
3.28,3.28,,3.4
3.25,3.25,,3.39
3.39,3.39,,3.37
3.44,3.44,,3.35
3.29,3.29,,3.41
3.35,3.35,,3.35
3.28,3.28,,3.41
3.24,3.24,,3.12
3.35,3.35,,2.96
3.25,3.25,,2.99
3.35,3.35,,3.06
3.45,3.45,,3.54
3.26,3.26,,3.45
3.27,3.27,,3.32
3.33,3.33,,3.27
3.26,3.26,,3.34
3.24,3.24,,3.41
3.33,3.33,,3.25
3.24,3.24,,3.25
3.33,3.33,,3.26
3.47,3.47,,3.4
3.35,3.35,,3.25
3.24,3.24,,3.29
3.31,3.31,,3.28
3.37,3.37,,3.4
3.23,3.23,,3.29
3.29,3.29,,3.29
3.24,3.24,,3.39
3.26,3.26,,3.38
3.35,3.35,,3.36
3.29,3.29,,3.31
3.35,3.35,,3.7
3.25,3.25,,3.56
3.31,3.31,,3.54
3.32,3.32,,2.97
3.33,3.33,,2.97
3.34,3.34,,2.97
3.27,3.27,,2.97
3.46,3.46,,3.08
3.41,3.41,,3.08
3.27,3.27,,3.07
3.36,3.36,,3.65
3.22,3.22,,3.44
3.29,3.29,,3.1
3.29,3.29,,3.05
3.25,3.25,,3.0
3.32,3.32,,3.03
3.27,3.27,,3.83
3.42,3.42,,3.65
3.27,3.27,,2.95
3.32,3.32,,3.01
3.34,3.34,,3.09
3.24,3.24,,3.0
3.23,3.23,,2.96
3.35,3.35,,2.98
3.25,3.25,,2.96
3.31,3.31,,2.99
3.4,3.4,,3.03
3.31,3.31,,3.11
3.23,3.23,,3.64
3.33,3.33,,3.61
3.29,3.29,,3.71
3.28,3.28,,3.64
3.32,3.32,,3.62
3.36,3.36,,
3.42,3.42,,
3.23,3.23,,
3.23,3.23,,
3.26,3.26,,
3.35,3.35,,
3.27,3.27,,
3.32,3.32,,
3.31,3.31,,
3.47,3.47,,
3.26,3.26,,
3.23,3.23,,
3.22,3.22,,
3.32,3.32,,
3.24,3.24,,
3.3,3.3,,
3.26,3.26,,
3.39,3.39,,
3.21,3.21,,
3.28,3.28,,
3.37,3.37,,
3.31,3.31,,
3.29,3.29,,
3.3,3.3,,
3.24,3.24,,
3.41,3.41,,
3.34,3.34,,
3.34,3.34,,
3.33,3.33,,
3.22,3.22,,
3.32,3.32,,
3.27,3.27,,
3.23,3.23,,
3.34,3.34,,
3.48,3.48,,
3.3,3.3,,
3.23,3.23,,
3.21,3.21,,
3.31,3.31,,
3.26,3.26,,
3.29,3.29,,
3.29,3.29,,
3.42,3.42,,
3.46,3.46,,
3.35,3.35,,
3.27,3.27,,
3.26,3.26,,
3.34,3.34,,
3.27,3.27,,
3.31,3.31,,
3.28,3.28,,
3.48,3.48,,
3.37,3.37,,
3.22,3.22,,
3.25,3.25,,
3.2,3.2,,
3.22,3.22,,
3.34,3.34,,
3.24,3.24,,
3.31,3.31,,
3.45,3.45,,
3.45,3.45,,
3.3,3.3,,
3.28,3.28,,
3.32,3.32,,
3.26,3.26,,
3.26,3.26,,
3.24,3.24,,
3.27,3.27,,
3.38,3.38,,
3.38,3.38,,
3.38,3.38,,
3.27,3.27,,
3.23,3.23,,
3.29,3.29,,
3.23,3.23,,
3.23,3.23,,
3.23,3.23,,
3.3,3.3,,
3.23,3.23,,
3.35,3.35,,
3.47,3.47,,
3.22,3.22,,
3.23,3.23,,
3.27,3.27,,
3.26,3.26,,
3.22,3.22,,
3.24,3.24,,
3.26,3.26,,
3.24,3.24,,
3.36,3.36,,
3.41,3.41,,
3.25,3.25,,
3.23,3.23,,
3.24,3.24,,
3.25,3.25,,
3.25,3.25,,
3.25,3.25,,
3.22,3.22,,
3.21,3.21,,
3.26,3.26,,
3.45,3.45,,
3.38,3.38,,
3.23,3.23,,
3.23,3.23,,
3.32,3.32,,
3.26,3.26,,
3.23,3.23,,
3.3,3.3,,
3.29,3.29,,
3.22,3.22,,
3.23,3.23,,
3.4,3.4,,
3.35,3.35,,
3.24,3.24,,
3.22,3.22,,
3.34,3.34,,
3.23,3.23,,
3.22,3.22,,
3.22,3.22,,
3.21,3.21,,
3.22,3.22,,
3.27,3.27,,
3.39,3.39,,
3.37,3.37,,
3.22,3.22,,
3.26,3.26,,
3.31,3.31,,
3.24,3.24,,
3.22,3.22,,
3.2,3.2,,
3.24,3.24,,
3.22,3.22,,
3.26,3.26,,
3.3,3.3,,
3.39,3.39,,
3.35,3.35,,
3.23,3.23,,
3.24,3.24,,
3.38,3.38,,
3.3,3.3,,
3.24,3.24,,
3.28,3.28,,
3.27,3.27,,
3.22,3.22,,
3.26,3.26,,
3.38,3.38,,
3.4,3.4,,
3.22,3.22,,
3.25,3.25,,
3.26,3.26,,
3.2,3.2,,
3.26,3.26,,
3.28,3.28,,
3.24,3.24,,
3.25,3.25,,
3.26,3.26,,
3.26,3.26,,
3.47,3.47,,
3.38,3.38,,
3.31,3.31,,
3.24,3.24,,
3.26,3.26,,
3.29,3.29,,
3.22,3.22,,
3.3,3.3,,
3.22,3.22,,
3.27,3.27,,
3.31,3.31,,
3.35,3.35,,
3.36,3.36,,
3.44,3.44,,
3.26,3.26,,
3.22,3.22,,
3.25,3.25,,
3.25,3.25,,
3.3,3.3,,
3.37,3.37,,
3.19,3.19,,
3.2,3.2,,
3.23,3.23,,
3.26,3.26,,
3.21,3.21,,
3.37,3.37,,
3.26,3.26,,
3.23,3.23,,
3.21,3.21,,
3.25,3.25,,
3.21,3.21,,
3.29,3.29,,
3.36,3.36,,
3.22,3.22,,
3.22,3.22,,
3.3,3.3,,
3.24,3.24,,
3.41,3.41,,
3.28,3.28,,
3.29,3.29,,
3.25,3.25,,
3.26,3.26,,
3.23,3.23,,
3.26,3.26,,
3.25,3.25,,
3.21,3.21,,
3.21,3.21,,
3.41,3.41,,
3.48,3.48,,
3.25,3.25,,
3.22,3.22,,
3.24,3.24,,
3.29,3.29,,
3.23,3.23,,
3.21,3.21,,
3.21,3.21,,
3.2,3.2,,
3.36,3.36,,
3.42,3.42,,
3.23,3.23,,
3.25,3.25,,
3.22,3.22,,
3.22,3.22,,
3.31,3.31,,
3.19,3.19,,
3.22,3.22,,
3.22,3.22,,
3.2,3.2,,
3.44,3.44,,
3.42,3.42,,
3.24,3.24,,
3.22,3.22,,
3.23,3.23,,
3.22,3.22,,
3.29,3.29,,
3.24,3.24,,
3.22,3.22,,
3.27,3.27,,
3.21,3.21,,
3.29,3.29,,
3.4,3.4,,
3.29,3.29,,
3.29,3.29,,
3.27,3.27,,
3.27,3.27,,
3.22,3.22,,
3.22,3.22,,
3.26,3.26,,
3.26,3.26,,
3.25,3.25,,
3.25,3.25,,
3.39,3.39,,
3.39,3.39,,
3.28,3.28,,
3.26,3.26,,
3.32,3.32,,
3.25,3.25,,
3.22,3.22,,
3.3,3.3,,
3.26,3.26,,
3.31,3.31,,
3.23,3.23,,
3.4,3.4,,
3.4,3.4,,
3.23,3.23,,
3.28,3.28,,
3.23,3.23,,
3.23,3.23,,
3.21,3.21,,
3.21,3.21,,
3.42,3.42,,
3.22,3.22,,
3.26,3.26,,
3.25,3.25,,
3.48,3.48,,
3.37,3.37,,
3.23,3.23,,
3.22,3.22,,
3.29,3.29,,
3.21,3.21,,
3.22,3.22,,
3.22,3.22,,
3.28,3.28,,
3.25,3.25,,
3.2,3.2,,
3.28,3.28,,
3.42,3.42,,
3.35,3.35,,
3.26,3.26,,
3.3,3.3,,
3.3,3.3,,
3.23,3.23,,
3.31,3.31,,
3.22,3.22,,
3.28,3.28,,
3.24,3.24,,
3.21,3.21,,
3.31,3.31,,
3.37,3.37,,
3.43,3.43,,
3.23,3.23,,
3.22,3.22,,
3.23,3.23,,
3.22,3.22,,
3.22,3.22,,
3.22,3.22,,
3.2,3.2,,
3.23,3.23,,
3.23,3.23,,
3.37,3.37,,
3.44,3.44,,
3.3,3.3,,
3.21,3.21,,
3.21,3.21,,
3.3,3.3,,
3.22,3.22,,
3.2,3.2,,
3.31,3.31,,
3.23,3.23,,
3.27,3.27,,
3.32,3.32,,
3.39,3.39,,
3.29,3.29,,
3.31,3.31,,
3.31,3.31,,
3.21,3.21,,
3.22,3.22,,
3.34,3.34,,
3.22,3.22,,
3.21,3.21,,
3.26,3.26,,
3.42,3.42,,
3.37,3.37,,
3.32,3.32,,
3.23,3.23,,
3.3,3.3,,
3.37,3.37,,
3.3,3.3,,
3.28,3.28,,
3.22,3.22,,
3.2,3.2,,
3.25,3.25,,
3.43,3.43,,
3.39,3.39,,
3.21,3.21,,
3.23,3.23,,
3.28,3.28,,
3.29,3.29,,
3.21,3.21,,
3.37,3.37,,
3.28,3.28,,
3.21,3.21,,
3.29,3.29,,
3.48,3.48,,
3.41,3.41,,
3.21,3.21,,
3.22,3.22,,
3.35,3.35,,
3.22,3.22,,
3.24,3.24,,
3.21,3.21,,
3.25,3.25,,
3.23,3.23,,
3.25,3.25,,
3.45,3.45,,
3.39,3.39,,
3.27,3.27,,
3.27,3.27,,
3.22,3.22,,
3.21,3.21,,
3.26,3.26,,
3.28,3.28,,
3.23,3.23,,
3.22,3.22,,
3.22,3.22,,
3.35,3.35,,
3.49,3.49,,
3.34,3.34,,
3.29,3.29,,
3.22,3.22,,
3.3,3.3,,
3.29,3.29,,
3.23,3.23,,
3.23,3.23,,
3.21,3.21,,
3.23,3.23,,
3.26,3.26,,
3.42,3.42,,
3.46,3.46,,
3.26,3.26,,
3.22,3.22,,
3.24,3.24,,
3.25,3.25,,
3.29,3.29,,
3.22,3.22,,
3.33,3.33,,
3.24,3.24,,
3.34,3.34,,
3.22,3.22,,
3.39,3.39,,
3.47,3.47,,
3.38,3.38,,
3.22,3.22,,
3.36,3.36,,
3.21,3.21,,
3.25,3.25,,
3.22,3.22,,
3.26,3.26,,
3.29,3.29,,
3.23,3.23,,
3.27,3.27,,
3.24,3.24,,
3.44,3.44,,
3.33,3.33,,
3.21,3.21,,
3.3,3.3,,
3.26,3.26,,
3.22,3.22,,
3.26,3.26,,
3.22,3.22,,
3.39,3.39,,
3.27,3.27,,
3.23,3.23,,
3.31,3.31,,
3.37,3.37,,
3.33,3.33,,
3.24,3.24,,
3.23,3.23,,
3.31,3.31,,
3.3,3.3,,
3.21,3.21,,
3.28,3.28,,
3.2,3.2,,
3.22,3.22,,
3.23,3.23,,
3.48,3.48,,
3.23,3.23,,
3.23,3.23,,
3.27,3.27,,
3.28,3.28,,
3.22,3.22,,
3.26,3.26,,
3.23,3.23,,
3.23,3.23,,
3.24,3.24,,
3.44,3.44,,
3.44,3.44,,
3.21,3.21,,
3.23,3.23,,
3.33,3.33,,
3.25,3.25,,
3.26,3.26,,
3.33,3.33,,
3.27,3.27,,
3.23,3.23,,
3.28,3.28,,
3.35,3.35,,
3.41,3.41,,
3.21,3.21,,
3.29,3.29,,
3.22,3.22,,
3.3,3.3,,
3.34,3.34,,
3.34,3.34,,
3.23,3.23,,
3.22,3.22,,
3.21,3.21,,
3.41,3.41,,
3.39,3.39,,
3.23,3.23,,
3.23,3.23,,
3.25,3.25,,
3.3,3.3,,
3.26,3.26,,
3.25,3.25,,
3.27,3.27,,
3.22,3.22,,
3.24,3.24,,
3.27,3.27,,
3.37,3.37,,
3.26,3.26,,
3.31,3.31,,
3.27,3.27,,
3.31,3.31,,
3.22,3.22,,
3.23,3.23,,
3.33,3.33,,
3.22,3.22,,
3.22,3.22,,
3.21,3.21,,
3.44,3.44,,
3.36,3.36,,
3.24,3.24,,
3.23,3.23,,
3.22,3.22,,
3.26,3.26,,
3.23,3.23,,
3.29,3.29,,
3.33,3.33,,
3.23,3.23,,
3.29,3.29,,
3.26,3.26,,
3.41,3.41,,
3.36,3.36,,
3.25,3.25,,
3.23,3.23,,
3.34,3.34,,
3.21,3.21,,
3.28,3.28,,
3.22,3.22,,
3.23,3.23,,
3.24,3.24,,
3.28,3.28,,
3.3,3.3,,
3.41,3.41,,
3.47,3.47,,
3.22,3.22,,
3.26,3.26,,
3.32,3.32,,
3.2,3.2,,
3.21,3.21,,
3.25,3.25,,
3.26,3.26,,
3.22,3.22,,
3.21,3.21,,
3.27,3.27,,
3.34,3.34,,
3.43,3.43,,
3.21,3.21,,
3.27,3.27,,
3.24,3.24,,
3.29,3.29,,
3.23,3.23,,
3.3,3.3,,
3.26,3.26,,
3.25,3.25,,
3.25,3.25,,
3.29,3.29,,
3.37,3.37,,
3.39,3.39,,
3.23,3.23,,
3.22,3.22,,
3.29,3.29,,
3.29,3.29,,
3.27,3.27,,
3.23,3.23,,
3.24,3.24,,
3.21,3.21,,
3.27,3.27,,
3.34,3.34,,
3.38,3.38,,
3.39,3.39,,
3.22,3.22,,
3.26,3.26,,
3.3,3.3,,
3.27,3.27,,
3.29,3.29,,
3.22,3.22,,
3.29,3.29,,
3.2,3.2,,
3.25,3.25,,
3.3,3.3,,
3.29,3.29,,
3.39,3.39,,
3.41,3.41,,
3.26,3.26,,
3.22,3.22,,
3.29,3.29,,
3.28,3.28,,
3.26,3.26,,
3.22,3.22,,
3.27,3.27,,
3.21,3.21,,
3.2,3.2,,
3.27,3.27,,
3.21,3.21,,
3.39,3.39,,
3.35,3.35,,
3.21,3.21,,
3.24,3.24,,
3.26,3.26,,
3.22,3.22,,
3.28,3.28,,
3.21,3.21,,
3.23,3.23,,
3.3,3.3,,
3.29,3.29,,
3.2,3.2,,
3.31,3.31,,
3.38,3.38,,
3.39,3.39,,
3.24,3.24,,
3.23,3.23,,
3.28,3.28,,
3.36,3.36,,
3.22,3.22,,
3.23,3.23,,
3.24,3.24,,
3.29,3.29,,
3.25,3.25,,
3.23,3.23,,
3.23,3.23,,
3.46,3.46,,
3.39,3.39,,
3.22,3.22,,
3.28,3.28,,
3.26,3.26,,
3.26,3.26,,
3.2,3.2,,
3.2,3.2,,
3.26,3.26,,
3.34,3.34,,
3.23,3.23,,
3.25,3.25,,
3.22,3.22,,
3.3,3.3,,
3.42,3.42,,
3.42,3.42,,
3.29,3.29,,
3.31,3.31,,
3.21,3.21,,
3.29,3.29,,
3.2,3.2,,
3.21,3.21,,
3.34,3.34,,
3.29,3.29,,
3.22,3.22,,
3.26,3.26,,
3.21,3.21,,
3.26,3.26,,
3.37,3.37,,
3.43,3.43,,
3.31,3.31,,
3.19,3.19,,
3.22,3.22,,
3.24,3.24,,
3.24,3.24,,
3.22,3.22,,
3.26,3.26,,
3.25,3.25,,
3.24,3.24,,
3.24,3.24,,
3.21,3.21,,
3.26,3.26,,
3.42,3.42,,
3.39,3.39,,
3.22,3.22,,
3.22,3.22,,
3.22,3.22,,
3.22,3.22,,
3.22,3.22,,
3.21,3.21,,
3.22,3.22,,
3.3,3.3,,
3.23,3.23,,
3.22,3.22,,
3.21,3.21,,
3.28,3.28,,
3.46,3.46,,
3.41,3.41,,
3.26,3.26,,
3.23,3.23,,
3.24,3.24,,
3.35,3.35,,
3.25,3.25,,
3.25,3.25,,
3.25,3.25,,
3.32,3.32,,
3.23,3.23,,
3.27,3.27,,
3.27,3.27,,
3.41,3.41,,
3.41,3.41,,
3.28,3.28,,
3.21,3.21,,
3.21,3.21,,
3.23,3.23,,
3.33,3.33,,
3.24,3.24,,
3.21,3.21,,
3.29,3.29,,
3.22,3.22,,
3.23,3.23,,
3.26,3.26,,
3.34,3.34,,
3.36,3.36,,
3.26,3.26,,
3.25,3.25,,
3.22,3.22,,
3.25,3.25,,
3.18,3.18,,
3.21,3.21,,
3.27,3.27,,
3.3,3.3,,
3.27,3.27,,
3.23,3.23,,
3.29,3.29,,
3.42,3.42,,
3.39,3.39,,
3.22,3.22,,
3.3,3.3,,
3.22,3.22,,
3.43,3.43,,
3.2,3.2,,
3.25,3.25,,
3.21,3.21,,
3.3,3.3,,
3.21,3.21,,
3.21,3.21,,
3.28,3.28,,
3.39,3.39,,
3.39,3.39,,
3.37,3.37,,
3.22,3.22,,
3.3,3.3,,
3.29,3.29,,
3.22,3.22,,
3.21,3.21,,
3.21,3.21,,
3.3,3.3,,
3.21,3.21,,
3.25,3.25,,
3.22,3.22,,
3.42,3.42,,
3.36,3.36,,
3.21,3.21,,
3.26,3.26,,
3.3,3.3,,
3.28,3.28,,
3.25,3.25,,
3.29,3.29,,
3.3,3.3,,
3.22,3.22,,
3.23,3.23,,
3.28,3.28,,
3.21,3.21,,
3.27,3.27,,
3.4,3.4,,
3.37,3.37,,
3.28,3.28,,
3.21,3.21,,
3.21,3.21,,
3.36,3.36,,
3.24,3.24,,
3.21,3.21,,
3.25,3.25,,
3.28,3.28,,
3.23,3.23,,
3.3,3.3,,
3.2,3.2,,
3.32,3.32,,
3.48,3.48,,
3.36,3.36,,
3.28,3.28,,
3.22,3.22,,
3.21,3.21,,
3.2,3.2,,
3.22,3.22,,
3.22,3.22,,
3.27,3.27,,
3.26,3.26,,
3.23,3.23,,
3.21,3.21,,
3.32,3.32,,
3.4,3.4,,
3.46,3.46,,
3.28,3.28,,
3.22,3.22,,
3.3,3.3,,
3.22,3.22,,
3.21,3.21,,
3.25,3.25,,
3.21,3.21,,
3.27,3.27,,
3.26,3.26,,
3.22,3.22,,
3.22,3.22,,
3.3,3.3,,
3.4,3.4,,
3.37,3.37,,
3.26,3.26,,
3.21,3.21,,
3.25,3.25,,
3.32,3.32,,
3.22,3.22,,
3.21,3.21,,
3.22,3.22,,
3.23,3.23,,
3.22,3.22,,
3.23,3.23,,
3.22,3.22,,
3.38,3.38,,
3.45,3.45,,
3.34,3.34,,
3.21,3.21,,
3.21,3.21,,
3.32,3.32,,
3.29,3.29,,
3.24,3.24,,
3.25,3.25,,
3.22,3.22,,
3.27,3.27,,
3.23,3.23,,
3.22,3.22,,
3.21,3.21,,
3.36,3.36,,
3.45,3.45,,
3.22,3.22,,
3.2,3.2,,
3.25,3.25,,
3.24,3.24,,
3.24,3.24,,
3.29,3.29,,
3.21,3.21,,
3.31,3.31,,
3.31,3.31,,
3.21,3.21,,
3.31,3.31,,
3.45,3.45,,
3.5,3.5,,
3.23,3.23,,
3.23,3.23,,
3.31,3.31,,
3.26,3.26,,
3.21,3.21,,
3.21,3.21,,
3.3,3.3,,
3.26,3.26,,
3.21,3.21,,
3.21,3.21,,
3.33,3.33,,
3.39,3.39,,
3.41,3.41,,
3.21,3.21,,
3.25,3.25,,
3.23,3.23,,
3.27,3.27,,
3.22,3.22,,
3.21,3.21,,
3.31,3.31,,
3.25,3.25,,
3.21,3.21,,
3.33,3.33,,
3.29,3.29,,
3.35,3.35,,
3.37,3.37,,
3.23,3.23,,
3.31,3.31,,
3.22,3.22,,
3.24,3.24,,
3.22,3.22,,
3.21,3.21,,
3.28,3.28,,
3.23,3.23,,
3.42,3.42,,
3.25,3.25,,
3.23,3.23,,
3.3,3.3,,
3.41,3.41,,
3.52,3.52,,
3.24,3.24,,
3.22,3.22,,
3.27,3.27,,
3.21,3.21,,
3.33,3.33,,
3.23,3.23,,
3.24,3.24,,
3.21,3.21,,
3.21,3.21,,
3.21,3.21,,
3.26,3.26,,
3.32,3.32,,
3.4,3.4,,
3.36,3.36,,
3.27,3.27,,
3.22,3.22,,
3.22,3.22,,
3.25,3.25,,
3.26,3.26,,
3.26,3.26,,
3.24,3.24,,
3.21,3.21,,
3.21,3.21,,
3.26,3.26,,
3.47,3.47,,
3.41,3.41,,
3.32,3.32,,
3.21,3.21,,
3.21,3.21,,
3.22,3.22,,
3.29,3.29,,
3.22,3.22,,
3.22,3.22,,
3.22,3.22,,
3.26,3.26,,
3.28,3.28,,
3.22,3.22,,
3.21,3.21,,
3.4,3.4,,
3.48,3.48,,
3.22,3.22,,
3.27,3.27,,
3.26,3.26,,
3.27,3.27,,
3.34,3.34,,
3.24,3.24,,
3.27,3.27,,
3.34,3.34,,
3.28,3.28,,
3.31,3.31,,
3.3,3.3,,
3.29,3.29,,
3.49,3.49,,
3.48,3.48,,
3.26,3.26,,
3.26,3.26,,
3.25,3.25,,
3.32,3.32,,
3.22,3.22,,
3.22,3.22,,
3.23,3.23,,
3.28,3.28,,
3.27,3.27,,
3.25,3.25,,
3.3,3.3,,
3.28,3.28,,
3.42,3.42,,
3.39,3.39,,
3.2,3.2,,
3.29,3.29,,
3.22,3.22,,
3.26,3.26,,
3.28,3.28,,
3.26,3.26,,
3.22,3.22,,
3.24,3.24,,
3.24,3.24,,
3.22,3.22,,
3.22,3.22,,
3.25,3.25,,
3.28,3.28,,
3.37,3.37,,
3.37,3.37,,
3.36,3.36,,
3.42,3.42,,
3.44,3.44,,
3.52,3.52,,
3.5,3.5,,
3.44,3.44,,
3.39,3.39,,
3.51,3.51,,
3.42,3.42,,
3.35,3.35,,
3.53,3.53,,
3.32,3.32,,
3.57,3.57,,
3.51,3.51,,
3.55,3.55,,
3.68,3.68,,
3.47,3.47,,
3.39,3.39,,
3.43,3.43,,
3.54,3.54,,
3.36,3.36,,
3.45,3.45,,
3.6,3.6,,
3.44,3.44,,
3.4,3.4,,
3.37,3.37,,
3.39,3.39,,
3.39,3.39,,
3.41,3.41,,
3.43,3.43,,
3.42,3.42,,
3.46,3.46,,
3.27,3.27,,
3.41,3.41,,
3.47,3.47,,
3.36,3.36,,
3.62,3.62,,
3.39,3.39,,
3.7,3.7,,
3.43,3.43,,
3.53,3.53,,
3.41,3.41,,
3.42,3.42,,
3.6,3.6,,
3.48,3.48,,
3.45,3.45,,
3.31,3.31,,
3.54,3.54,,
3.35,3.35,,
3.58,3.58,,
3.26,3.26,,
3.33,3.33,,
3.36,3.36,,
3.37,3.37,,
3.35,3.35,,
3.36,3.36,,
3.46,3.46,,
3.36,3.36,,
3.5,3.5,,
3.42,3.42,,
3.36,3.36,,
3.35,3.35,,
3.49,3.49,,
3.39,3.39,,
3.32,3.32,,
3.43,3.43,,
3.45,3.45,,
3.56,3.56,,
3.34,3.34,,
3.63,3.63,,
3.42,3.42,,
3.47,3.47,,
3.38,3.38,,
3.39,3.39,,
3.37,3.37,,
3.4,3.4,,
3.52,3.52,,
3.52,3.52,,
3.48,3.48,,
3.37,3.37,,
3.55,3.55,,
3.36,3.36,,
3.48,3.48,,
3.3,3.3,,
3.53,3.53,,
3.5,3.5,,
3.32,3.32,,
3.5,3.5,,
3.3,3.3,,
3.61,3.61,,
3.31,3.31,,
3.59,3.59,,
3.32,3.32,,
3.38,3.38,,
3.48,3.48,,
3.25,3.25,,
3.62,3.62,,
3.32,3.32,,
3.53,3.53,,
3.32,3.32,,
3.42,3.42,,
3.33,3.33,,
3.38,3.38,,
3.35,3.35,,
3.31,3.31,,
3.3,3.3,,
3.45,3.45,,
3.6,3.6,,
3.28,3.28,,
3.37,3.37,,
3.25,3.25,,
3.41,3.41,,
3.44,3.44,,
3.37,3.37,,
3.29,3.29,,
3.41,3.41,,
3.35,3.35,,
3.49,3.49,,
3.26,3.26,,
3.5,3.5,,
3.33,3.33,,
3.41,3.41,,
3.35,3.35,,
3.27,3.27,,
3.58,3.58,,
3.43,3.43,,
3.45,3.45,,
3.2,3.2,,
3.46,3.46,,
3.69,3.69,,
3.25,3.25,,
3.33,3.33,,
3.32,3.32,,
3.45,3.45,,
3.6,3.6,,
3.38,3.38,,
3.47,3.47,,
3.46,3.46,,
3.25,3.25,,
3.6,3.6,,
3.3,3.3,,
3.62,3.62,,
3.26,3.26,,
3.54,3.54,,
3.34,3.34,,
3.39,3.39,,
3.34,3.34,,
3.24,3.24,,
3.32,3.32,,
3.4,3.4,,
3.61,3.61,,
3.25,3.25,,
3.33,3.33,,
3.28,3.28,,
3.43,3.43,,
3.55,3.55,,
3.15,3.15,,
3.18,3.18,,
3.2,3.2,,
3.16,3.16,,
3.18,3.18,,
3.2,3.2,,
3.16,3.16,,
3.2,3.2,,
3.22,3.22,,
3.2,3.2,,
3.36,3.36,,
3.22,3.22,,
3.2,3.2,,
3.15,3.15,,
3.14,3.14,,
3.24,3.24,,
3.32,3.32,,
3.34,3.34,,
3.38,3.38,,
3.15,3.15,,
3.15,3.15,,
3.21,3.21,,
3.23,3.23,,
3.2,3.2,,
3.17,3.17,,
3.15,3.15,,
3.14,3.14,,
3.13,3.13,,
3.14,3.14,,
3.13,3.13,,
3.16,3.16,,
3.27,3.27,,
3.15,3.15,,
3.17,3.17,,
3.22,3.22,,
3.16,3.16,,
3.25,3.25,,
3.28,3.28,,
3.35,3.35,,
3.25,3.25,,
3.16,3.16,,
3.17,3.17,,
3.17,3.17,,
3.16,3.16,,
3.27,3.27,,
3.14,3.14,,
3.15,3.15,,
3.15,3.15,,
3.18,3.18,,
3.16,3.16,,
3.21,3.21,,
3.13,3.13,,
3.15,3.15,,
3.19,3.19,,
3.14,3.14,,
3.14,3.14,,
3.23,3.23,,
3.3,3.3,,
3.29,3.29,,
3.28,3.28,,
3.4,3.4,,
3.18,3.18,,
3.23,3.23,,
3.15,3.15,,
3.2,3.2,,
3.15,3.15,,
3.13,3.13,,
3.21,3.21,,
3.15,3.15,,
3.16,3.16,,
3.14,3.14,,
3.25,3.25,,
3.17,3.17,,
3.17,3.17,,
3.23,3.23,,
3.19,3.19,,
3.33,3.33,,
3.14,3.14,,
3.37,3.37,,
3.27,3.27,,
3.3,3.3,,
3.38,3.38,,
3.14,3.14,,
3.14,3.14,,
3.17,3.17,,
3.16,3.16,,
3.16,3.16,,
3.14,3.14,,
3.13,3.13,,
3.14,3.14,,
3.16,3.16,,
3.14,3.14,,
3.28,3.28,,
3.16,3.16,,
3.16,3.16,,
3.16,3.16,,
3.17,3.17,,
3.33,3.33,,
3.34,3.34,,
3.35,3.35,,
3.31,3.31,,
3.13,3.13,,
3.25,3.25,,
3.22,3.22,,
3.15,3.15,,
3.15,3.15,,
3.29,3.29,,
3.18,3.18,,
3.19,3.19,,
3.16,3.16,,
3.19,3.19,,
3.19,3.19,,
3.14,3.14,,
3.22,3.22,,
3.13,3.13,,
3.23,3.23,,
3.16,3.16,,
3.2,3.2,,
3.22,3.22,,
3.39,3.39,,
3.26,3.26,,
3.31,3.31,,
3.34,3.34,,
3.22,3.22,,
3.19,3.19,,
3.17,3.17,,
3.16,3.16,,
3.21,3.21,,
3.21,3.21,,
3.16,3.16,,
3.18,3.18,,
3.15,3.15,,
3.21,3.21,,
3.2,3.2,,
3.26,3.26,,
3.14,3.14,,
3.13,3.13,,
3.14,3.14,,
3.28,3.28,,
3.26,3.26,,
3.33,3.33,,
3.3,3.3,,
3.28,3.28,,
3.16,3.16,,
3.14,3.14,,
3.14,3.14,,
3.17,3.17,,
3.21,3.21,,
3.2,3.2,,
3.16,3.16,,
3.14,3.14,,
3.2,3.2,,
3.19,3.19,,
3.22,3.22,,
3.32,3.32,,
3.18,3.18,,
3.16,3.16,,
3.15,3.15,,
3.13,3.13,,
3.18,3.18,,
3.32,3.32,,
3.34,3.34,,
3.34,3.34,,
3.39,3.39,,
3.23,3.23,,
3.15,3.15,,
3.16,3.16,,
3.14,3.14,,
3.21,3.21,,
3.24,3.24,,
3.15,3.15,,
3.14,3.14,,
3.14,3.14,,
3.16,3.16,,
3.21,3.21,,
3.17,3.17,,
3.13,3.13,,
3.17,3.17,,
3.16,3.16,,
3.21,3.21,,
3.2,3.2,,
3.3,3.3,,
3.37,3.37,,
3.3,3.3,,
3.34,3.34,,
3.26,3.26,,
3.14,3.14,,
3.13,3.13,,
3.21,3.21,,
3.19,3.19,,
3.25,3.25,,
3.25,3.25,,
3.13,3.13,,
3.14,3.14,,
3.27,3.27,,
3.2,3.2,,
3.26,3.26,,
3.23,3.23,,
3.2,3.2,,
3.16,3.16,,
3.2,3.2,,
3.26,3.26,,
3.21,3.21,,
3.32,3.32,,
3.29,3.29,,
3.14,3.14,,
3.19,3.19,,
3.13,3.13,,
3.2,3.2,,
3.13,3.13,,
3.29,3.29,,
3.17,3.17,,
3.19,3.19,,
3.15,3.15,,
3.15,3.15,,
3.16,3.16,,
3.13,3.13,,
3.22,3.22,,
3.18,3.18,,
3.13,3.13,,
3.18,3.18,,
3.18,3.18,,
3.21,3.21,,
3.25,3.25,,
3.3,3.3,,
3.34,3.34,,
3.14,3.14,,
3.14,3.14,,
3.15,3.15,,
3.16,3.16,,
3.13,3.13,,
3.14,3.14,,
3.15,3.15,,
3.13,3.13,,
3.13,3.13,,
3.14,3.14,,
3.2,3.2,,
3.19,3.19,,
3.22,3.22,,
3.18,3.18,,
3.14,3.14,,
3.2,3.2,,
3.31,3.31,,
3.23,3.23,,
3.33,3.33,,
3.24,3.24,,
3.28,3.28,,
3.16,3.16,,
3.2,3.2,,
3.17,3.17,,
3.17,3.17,,
3.28,3.28,,
3.13,3.13,,
3.13,3.13,,
3.2,3.2,,
3.13,3.13,,
3.16,3.16,,
3.21,3.21,,
3.18,3.18,,
3.19,3.19,,
3.15,3.15,,
3.23,3.23,,
3.18,3.18,,
3.16,3.16,,
3.35,3.35,,
3.36,3.36,,
3.37,3.37,,
3.22,3.22,,
3.2,3.2,,
3.13,3.13,,
3.13,3.13,,
3.13,3.13,,
3.3,3.3,,
3.16,3.16,,
3.2,3.2,,
3.19,3.19,,
3.21,3.21,,
3.3,3.3,,
3.29,3.29,,
3.16,3.16,,
3.13,3.13,,
3.16,3.16,,
3.2,3.2,,
3.33,3.33,,
3.27,3.27,,
3.34,3.34,,
3.35,3.35,,
3.14,3.14,,
3.22,3.22,,
3.16,3.16,,
3.13,3.13,,
3.17,3.17,,
3.16,3.16,,
3.26,3.26,,
3.13,3.13,,
3.14,3.14,,
3.13,3.13,,
3.22,3.22,,
3.25,3.25,,
3.17,3.17,,
3.14,3.14,,
3.14,3.14,,
3.23,3.23,,
3.16,3.16,,
3.26,3.26,,
3.28,3.28,,
3.38,3.38,,
3.4,3.4,,
3.13,3.13,,
3.29,3.29,,
3.13,3.13,,
3.17,3.17,,
3.17,3.17,,
3.31,3.31,,
3.19,3.19,,
3.14,3.14,,
3.13,3.13,,
3.22,3.22,,
3.21,3.21,,
3.27,3.27,,
3.18,3.18,,
3.15,3.15,,
3.15,3.15,,
3.14,3.14,,
3.26,3.26,,
3.31,3.31,,
3.29,3.29,,
3.39,3.39,,
3.34,3.34,,
3.23,3.23,,
3.22,3.22,,
3.23,3.23,,
3.14,3.14,,
3.18,3.18,,
3.3,3.3,,
3.29,3.29,,
3.2,3.2,,
3.13,3.13,,
3.14,3.14,,
3.33,3.33,,
3.25,3.25,,
3.14,3.14,,
3.14,3.14,,
3.14,3.14,,
3.22,3.22,,
3.23,3.23,,
3.2,3.2,,
3.29,3.29,,
3.22,3.22,,
3.38,3.38,,
3.27,3.27,,
3.17,3.17,,
3.15,3.15,,
3.19,3.19,,
3.17,3.17,,
3.26,3.26,,
3.2,3.2,,
3.13,3.13,,
3.2,3.2,,
3.17,3.17,,
3.24,3.24,,
3.15,3.15,,
3.18,3.18,,
3.15,3.15,,
3.13,3.13,,
3.19,3.19,,
3.13,3.13,,
3.13,3.13,,
3.13,3.13,,
3.27,3.27,,
3.62,3.62,,
3.15,3.15,,
3.15,3.15,,
3.15,3.15,,
3.16,3.16,,
3.24,3.24,,
3.22,3.22,,
3.17,3.17,,
3.13,3.13,,
3.16,3.16,,
3.18,3.18,,
3.17,3.17,,
3.13,3.13,,
3.3,3.3,,
3.13,3.13,,
3.13,3.13,,
3.19,3.19,,
3.18,3.18,,
3.15,3.15,,
3.23,3.23,,
3.21,3.21,,
3.21,3.21,,
3.41,3.41,,
3.13,3.13,,
3.15,3.15,,
3.13,3.13,,
3.13,3.13,,
3.13,3.13,,
3.45,3.45,,
3.13,3.13,,
3.17,3.17,,
3.15,3.15,,
3.13,3.13,,
3.13,3.13,,
3.21,3.21,,
3.16,3.16,,
3.13,3.13,,
3.15,3.15,,
3.14,3.14,,
3.22,3.22,,
3.33,3.33,,
3.32,3.32,,
3.3,3.3,,
3.19,3.19,,
3.2,3.2,,
3.32,3.32,,
3.36,3.36,,
3.18,3.18,,
3.2,3.2,,
3.14,3.14,,
3.2,3.2,,
3.15,3.15,,
3.15,3.15,,
3.18,3.18,,
3.18,3.18,,
3.13,3.13,,
3.13,3.13,,
3.33,3.33,,
3.15,3.15,,
3.19,3.19,,
3.15,3.15,,
3.19,3.19,,
3.17,3.17,,
3.29,3.29,,
3.34,3.34,,
3.26,3.26,,
3.22,3.22,,
3.15,3.15,,
3.15,3.15,,
3.22,3.22,,
3.23,3.23,,
3.15,3.15,,
3.13,3.13,,
3.14,3.14,,
3.14,3.14,,
3.13,3.13,,
3.16,3.16,,
3.14,3.14,,
3.2,3.2,,
3.16,3.16,,
3.14,3.14,,
3.18,3.18,,
3.14,3.14,,
3.16,3.16,,
3.14,3.14,,
3.26,3.26,,
3.33,3.33,,
3.55,3.55,,
3.13,3.13,,
3.14,3.14,,
3.16,3.16,,
3.14,3.14,,
3.17,3.17,,
3.16,3.16,,
3.15,3.15,,
3.16,3.16,,
3.16,3.16,,
3.14,3.14,,
3.17,3.17,,
3.18,3.18,,
3.16,3.16,,
3.21,3.21,,
3.16,3.16,,
3.18,3.18,,
3.21,3.21,,
3.18,3.18,,
3.31,3.31,,
3.3,3.3,,
3.3,3.3,,
3.4,3.4,,
3.16,3.16,,
3.14,3.14,,
3.13,3.13,,
3.14,3.14,,
3.14,3.14,,
3.19,3.19,,
3.15,3.15,,
3.14,3.14,,
3.16,3.16,,
3.14,3.14,,
3.35,3.35,,
3.16,3.16,,
3.18,3.18,,
3.13,3.13,,
3.13,3.13,,
3.13,3.13,,
3.24,3.24,,
3.28,3.28,,
3.34,3.34,,
3.31,3.31,,
3.14,3.14,,
3.17,3.17,,
3.13,3.13,,
3.2,3.2,,
3.13,3.13,,
3.21,3.21,,
3.13,3.13,,
3.29,3.29,,
3.14,3.14,,
3.13,3.13,,
3.17,3.17,,
3.2,3.2,,
3.14,3.14,,
3.13,3.13,,
3.16,3.16,,
3.15,3.15,,
3.25,3.25,,
3.13,3.13,,
3.26,3.26,,
3.29,3.29,,
3.3,3.3,,
3.32,3.32,,
3.32,3.32,,
3.25,3.25,,
3.14,3.14,,
3.15,3.15,,
3.15,3.15,,
3.18,3.18,,
3.18,3.18,,
3.23,3.23,,
3.15,3.15,,
3.15,3.15,,
3.23,3.23,,
3.31,3.31,,
3.14,3.14,,
3.18,3.18,,
3.18,3.18,,
3.21,3.21,,
3.18,3.18,,
3.14,3.14,,
3.21,3.21,,
3.34,3.34,,
3.27,3.27,,
3.29,3.29,,
3.29,3.29,,
3.16,3.16,,
3.13,3.13,,
3.19,3.19,,
3.14,3.14,,
3.16,3.16,,
3.33,3.33,,
3.18,3.18,,
3.17,3.17,,
3.2,3.2,,
3.13,3.13,,
3.19,3.19,,
3.13,3.13,,
3.13,3.13,,
3.16,3.16,,
3.13,3.13,,
3.14,3.14,,
3.23,3.23,,
3.27,3.27,,
3.35,3.35,,
3.28,3.28,,
3.26,3.26,,
3.25,3.25,,
3.18,3.18,,
3.14,3.14,,
3.14,3.14,,
3.2,3.2,,
3.16,3.16,,
3.31,3.31,,
3.2,3.2,,
3.14,3.14,,
3.13,3.13,,
3.14,3.14,,
3.2,3.2,,
3.3,3.3,,
3.14,3.14,,
3.18,3.18,,
3.15,3.15,,
3.16,3.16,,
3.23,3.23,,
3.33,3.33,,
3.33,3.33,,
3.25,3.25,,
3.34,3.34,,
3.13,3.13,,
3.19,3.19,,
3.14,3.14,,
3.18,3.18,,
3.14,3.14,,
3.31,3.31,,
3.33,3.33,,
3.14,3.14,,
3.14,3.14,,
3.19,3.19,,
3.13,3.13,,
3.14,3.14,,
3.17,3.17,,
3.14,3.14,,
3.16,3.16,,
3.14,3.14,,
3.24,3.24,,
3.23,3.23,,
3.31,3.31,,
3.26,3.26,,
3.36,3.36,,
3.33,3.33,,
3.19,3.19,,
3.23,3.23,,
3.13,3.13,,
3.14,3.14,,
3.14,3.14,,
3.26,3.26,,
3.18,3.18,,
3.14,3.14,,
3.14,3.14,,
3.15,3.15,,
3.14,3.14,,
3.16,3.16,,
3.24,3.24,,
3.16,3.16,,
3.15,3.15,,
3.14,3.14,,
3.23,3.23,,
3.24,3.24,,
3.31,3.31,,
3.28,3.28,,
3.34,3.34,,
3.2,3.2,,
3.21,3.21,,
3.22,3.22,,
3.15,3.15,,
3.19,3.19,,
3.23,3.23,,
3.22,3.22,,
3.16,3.16,,
3.15,3.15,,
3.16,3.16,,
3.16,3.16,,
3.13,3.13,,
3.3,3.3,,
3.14,3.14,,
3.15,3.15,,
3.27,3.27,,
3.22,3.22,,
3.26,3.26,,
3.27,3.27,,
3.36,3.36,,
3.37,3.37,,
3.27,3.27,,
3.12,3.12,,
3.16,3.16,,
3.19,3.19,,
3.16,3.16,,
3.13,3.13,,
3.14,3.14,,
3.2,3.2,,
3.15,3.15,,
3.15,3.15,,
3.14,3.14,,
3.25,3.25,,
3.24,3.24,,
3.18,3.18,,
3.13,3.13,,
3.23,3.23,,
3.14,3.14,,
3.13,3.13,,
3.17,3.17,,
3.25,3.25,,
3.31,3.31,,
3.33,3.33,,
3.34,3.34,,
3.18,3.18,,
3.22,3.22,,
3.14,3.14,,
3.15,3.15,,
3.13,3.13,,
3.2,3.2,,
3.13,3.13,,
3.13,3.13,,
3.15,3.15,,
3.14,3.14,,
3.16,3.16,,
3.23,3.23,,
3.21,3.21,,
3.16,3.16,,
3.17,3.17,,
3.15,3.15,,
3.16,3.16,,
3.15,3.15,,
3.19,3.19,,
3.3,3.3,,
3.24,3.24,,
3.32,3.32,,
3.16,3.16,,
3.18,3.18,,
3.13,3.13,,
3.14,3.14,,
3.21,3.21,,
3.29,3.29,,
3.17,3.17,,
3.15,3.15,,
3.13,3.13,,
3.13,3.13,,
3.15,3.15,,
3.29,3.29,,
3.17,3.17,,
3.14,3.14,,
3.16,3.16,,
3.14,3.14,,
3.16,3.16,,
3.23,3.23,,
3.29,3.29,,
3.27,3.27,,
3.28,3.28,,
3.28,3.28,,
3.15,3.15,,
3.19,3.19,,
3.15,3.15,,
3.14,3.14,,
3.14,3.14,,
3.17,3.17,,
3.18,3.18,,
3.15,3.15,,
3.2,3.2,,
3.16,3.16,,
3.14,3.14,,
3.25,3.25,,
3.15,3.15,,
3.14,3.14,,
3.15,3.15,,
3.15,3.15,,
3.16,3.16,,
3.23,3.23,,
3.37,3.37,,
3.34,3.34,,
3.3,3.3,,
3.31,3.31,,
3.16,3.16,,
3.15,3.15,,
3.17,3.17,,
3.18,3.18,,
3.16,3.16,,
3.19,3.19,,
3.19,3.19,,
3.14,3.14,,
3.16,3.16,,
3.18,3.18,,
3.19,3.19,,
3.24,3.24,,
3.16,3.16,,
3.13,3.13,,
3.13,3.13,,
3.15,3.15,,
3.19,3.19,,
3.28,3.28,,
3.3,3.3,,
3.31,3.31,,
3.26,3.26,,
3.32,3.32,,
3.22,3.22,,
3.14,3.14,,
3.17,3.17,,
3.17,3.17,,
3.14,3.14,,
3.18,3.18,,
3.21,3.21,,
3.13,3.13,,
3.13,3.13,,
3.15,3.15,,
3.25,3.25,,
3.18,3.18,,
3.14,3.14,,
3.16,3.16,,
3.13,3.13,,
3.24,3.24,,
3.17,3.17,,
3.18,3.18,,
3.26,3.26,,
3.31,3.31,,
3.26,3.26,,
3.37,3.37,,
3.25,3.25,,
3.13,3.13,,
3.13,3.13,,
3.13,3.13,,
3.2,3.2,,
3.24,3.24,,
3.13,3.13,,
3.13,3.13,,
3.18,3.18,,
3.17,3.17,,
3.29,3.29,,
3.32,3.32,,
3.14,3.14,,
3.17,3.17,,
3.14,3.14,,
3.16,3.16,,
3.2,3.2,,
3.31,3.31,,
3.32,3.32,,
3.34,3.34,,
3.35,3.35,,
3.22,3.22,,
3.22,3.22,,
3.14,3.14,,
3.13,3.13,,
3.14,3.14,,
3.28,3.28,,
3.24,3.24,,
3.14,3.14,,
3.13,3.13,,
3.14,3.14,,
3.13,3.13,,
3.17,3.17,,
3.31,3.31,,
3.15,3.15,,
3.15,3.15,,
3.13,3.13,,
3.17,3.17,,
3.13,3.13,,
3.35,3.35,,
3.27,3.27,,
3.32,3.32,,
3.26,3.26,,
3.26,3.26,,
3.24,3.24,,
3.17,3.17,,
3.18,3.18,,
3.16,3.16,,
3.29,3.29,,
3.2,3.2,,
3.19,3.19,,
3.14,3.14,,
3.13,3.13,,
3.14,3.14,,
3.24,3.24,,
3.14,3.14,,
3.13,3.13,,
3.15,3.15,,
3.14,3.14,,
3.21,3.21,,
3.21,3.21,,
3.33,3.33,,
3.32,3.32,,
3.29,3.29,,
3.15,3.15,,
3.22,3.22,,
3.18,3.18,,
3.15,3.15,,
3.15,3.15,,
3.26,3.26,,
3.21,3.21,,
3.19,3.19,,
3.14,3.14,,
3.18,3.18,,
3.2,3.2,,
3.14,3.14,,
3.27,3.27,,
3.14,3.14,,
3.14,3.14,,
3.16,3.16,,
3.21,3.21,,
3.16,3.16,,
3.21,3.21,,
3.35,3.35,,
3.31,3.31,,
3.32,3.32,,
3.14,3.14,,
3.17,3.17,,
3.13,3.13,,
3.13,3.13,,
3.14,3.14,,
3.13,3.13,,
3.22,3.22,,
3.23,3.23,,
3.18,3.18,,
3.18,3.18,,
3.18,3.18,,
3.17,3.17,,
3.19,3.19,,
3.33,3.33,,
3.14,3.14,,
3.17,3.17,,
3.14,3.14,,
3.14,3.14,,
3.14,3.14,,
3.3,3.3,,
3.28,3.28,,
3.4,3.4,,
3.16,3.16,,
3.15,3.15,,
3.15,3.15,,
3.14,3.14,,
3.15,3.15,,
3.19,3.19,,
3.18,3.18,,
3.17,3.17,,
3.15,3.15,,
3.16,3.16,,
3.22,3.22,,
3.25,3.25,,
3.2,3.2,,
3.24,3.24,,
3.15,3.15,,
3.24,3.24,,
3.14,3.14,,
3.14,3.14,,
3.2,3.2,,
3.31,3.31,,
3.31,3.31,,
3.4,3.4,,
3.14,3.14,,
3.13,3.13,,
3.15,3.15,,
3.14,3.14,,
3.14,3.14,,
3.28,3.28,,
3.15,3.15,,
3.14,3.14,,
3.23,3.23,,
3.14,3.14,,
3.14,3.14,,
3.18,3.18,,
3.14,3.14,,
3.14,3.14,,
3.15,3.15,,
3.16,3.16,,
3.22,3.22,,
3.3,3.3,,
3.31,3.31,,
3.29,3.29,,
3.25,3.25,,
3.15,3.15,,
3.22,3.22,,
3.13,3.13,,
3.13,3.13,,
3.14,3.14,,
3.2,3.2,,
3.21,3.21,,
3.2,3.2,,
3.14,3.14,,
3.15,3.15,,
3.16,3.16,,
3.17,3.17,,
3.26,3.26,,
3.17,3.17,,
3.15,3.15,,
3.15,3.15,,
3.21,3.21,,
3.2,3.2,,
3.31,3.31,,
3.29,3.29,,
3.3,3.3,,
3.31,3.31,,
3.26,3.26,,
3.24,3.24,,
3.16,3.16,,
3.16,3.16,,
3.13,3.13,,
3.16,3.16,,
3.14,3.14,,
3.18,3.18,,
3.14,3.14,,
3.15,3.15,,
3.14,3.14,,
3.23,3.23,,
3.22,3.22,,
3.18,3.18,,
3.15,3.15,,
3.15,3.15,,
3.14,3.14,,
3.14,3.14,,
3.32,3.32,,
3.28,3.28,,
3.33,3.33,,
3.29,3.29,,
3.21,3.21,,
3.13,3.13,,
3.2,3.2,,
3.14,3.14,,
3.13,3.13,,
3.23,3.23,,
3.23,3.23,,
3.19,3.19,,
3.13,3.13,,
3.13,3.13,,
3.14,3.14,,
3.22,3.22,,
3.17,3.17,,
3.14,3.14,,
3.14,3.14,,
3.16,3.16,,
3.21,3.21,,
3.19,3.19,,
3.26,3.26,,
3.33,3.33,,
3.34,3.34,,
3.29,3.29,,
3.23,3.23,,
3.15,3.15,,
3.17,3.17,,
3.16,3.16,,
3.19,3.19,,
3.18,3.18,,
3.27,3.27,,
3.21,3.21,,
3.17,3.17,,
3.15,3.15,,
3.15,3.15,,
3.32,3.32,,
3.2,3.2,,
3.15,3.15,,
3.15,3.15,,
3.17,3.17,,
3.24,3.24,,
3.23,3.23,,
3.36,3.36,,
3.3,3.3,,
3.29,3.29,,
3.24,3.24,,
3.23,3.23,,
3.17,3.17,,
3.13,3.13,,
3.13,3.13,,
3.13,3.13,,
3.29,3.29,,
3.23,3.23,,
3.15,3.15,,
3.13,3.13,,
3.14,3.14,,
3.16,3.16,,
3.21,3.21,,
3.2,3.2,,
3.13,3.13,,
3.13,3.13,,
3.13,3.13,,
3.18,3.18,,
3.21,3.21,,
3.34,3.34,,
3.3,3.3,,
3.24,3.24,,
3.24,3.24,,
3.18,3.18,,
3.17,3.17,,
3.13,3.13,,
3.13,3.13,,
3.13,3.13,,
3.14,3.14,,
3.19,3.19,,
3.16,3.16,,
3.21,3.21,,
3.13,3.13,,
3.17,3.17,,
3.27,3.27,,
3.14,3.14,,
3.13,3.13,,
3.17,3.17,,
3.13,3.13,,
3.18,3.18,,
3.22,3.22,,
3.31,3.31,,
3.3,3.3,,
3.36,3.36,,
3.23,3.23,,
3.17,3.17,,
3.21,3.21,,
3.15,3.15,,
3.15,3.15,,
3.19,3.19,,
3.16,3.16,,
3.17,3.17,,
3.15,3.15,,
3.14,3.14,,
3.16,3.16,,
3.24,3.24,,
3.26,3.26,,
3.16,3.16,,
3.15,3.15,,
3.16,3.16,,
3.18,3.18,,
3.14,3.14,,
3.22,3.22,,
3.31,3.31,,
3.3,3.3,,
3.3,3.3,,
3.14,3.14,,
3.15,3.15,,
3.16,3.16,,
3.13,3.13,,
3.15,3.15,,
3.19,3.19,,
3.17,3.17,,
3.16,3.16,,
3.14,3.14,,
3.13,3.13,,
3.18,3.18,,
3.16,3.16,,
3.15,3.15,,
3.15,3.15,,
3.14,3.14,,
3.2,3.2,,
3.13,3.13,,
3.14,3.14,,
3.29,3.29,,
3.3,3.3,,
3.37,3.37,,
3.26,3.26,,
3.15,3.15,,
3.17,3.17,,
3.27,3.27,,
3.18,3.18,,
3.25,3.25,,
3.14,3.14,,
3.16,3.16,,
3.13,3.13,,
3.14,3.14,,
3.24,3.24,,
3.17,3.17,,
3.23,3.23,,
3.14,3.14,,
3.19,3.19,,
3.13,3.13,,
3.16,3.16,,
3.19,3.19,,
3.22,3.22,,
3.29,3.29,,
3.33,3.33,,
3.3,3.3,,
3.24,3.24,,
3.18,3.18,,
3.15,3.15,,
3.15,3.15,,
3.14,3.14,,
3.14,3.14,,
3.14,3.14,,
3.19,3.19,,
3.14,3.14,,
3.15,3.15,,
3.16,3.16,,
3.21,3.21,,
3.27,3.27,,
3.14,3.14,,
3.14,3.14,,
3.18,3.18,,
3.2,3.2,,
3.2,3.2,,
3.3,3.3,,
3.32,3.32,,
3.32,3.32,,
3.28,3.28,,
3.17,3.17,,
3.17,3.17,,
3.14,3.14,,
3.22,3.22,,
3.15,3.15,,
3.24,3.24,,
3.17,3.17,,
3.16,3.16,,
3.14,3.14,,
3.14,3.14,,
3.13,3.13,,
3.23,3.23,,
3.27,3.27,,
3.14,3.14,,
3.22,3.22,,
3.14,3.14,,
3.18,3.18,,
3.19,3.19,,
3.33,3.33,,
3.28,3.28,,
3.3,3.3,,
3.27,3.27,,
3.21,3.21,,
3.16,3.16,,
3.18,3.18,,
3.15,3.15,,
3.16,3.16,,
3.25,3.25,,
3.24,3.24,,
3.18,3.18,,
3.15,3.15,,
3.14,3.14,,
3.14,3.14,,
3.24,3.24,,
3.16,3.16,,
3.13,3.13,,
3.14,3.14,,
3.14,3.14,,
3.22,3.22,,
3.2,3.2,,
3.3,3.3,,
3.3,3.3,,
3.38,3.38,,
3.2,3.2,,
3.28,3.28,,
3.2,3.2,,
3.14,3.14,,
3.16,3.16,,
3.15,3.15,,
3.15,3.15,,
3.15,3.15,,
3.2,3.2,,
3.15,3.15,,
3.23,3.23,,
3.14,3.14,,
3.33,3.33,,
3.22,3.22,,
3.14,3.14,,
3.19,3.19,,
3.2,3.2,,
3.15,3.15,,
3.17,3.17,,
3.2,3.2,,
3.35,3.35,,
3.28,3.28,,
3.33,3.33,,
3.21,3.21,,
3.17,3.17,,
3.16,3.16,,
3.14,3.14,,
3.15,3.15,,
3.23,3.23,,
3.31,3.31,,
3.14,3.14,,
3.14,3.14,,
3.15,3.15,,
3.16,3.16,,
3.24,3.24,,
3.17,3.17,,
3.16,3.16,,
3.15,3.15,,
3.16,3.16,,
3.21,3.21,,
3.28,3.28,,
3.29,3.29,,
3.29,3.29,,
3.3,3.3,,
3.28,3.28,,
3.19,3.19,,
3.29,3.29,,
3.17,3.17,,
3.21,3.21,,
3.2,3.2,,
3.29,3.29,,
3.19,3.19,,
3.14,3.14,,
3.14,3.14,,
3.14,3.14,,
3.13,3.13,,
3.13,3.13,,
3.21,3.21,,
3.14,3.14,,
3.18,3.18,,
3.16,3.16,,
3.25,3.25,,
3.25,3.25,,
3.3,3.3,,
3.31,3.31,,
3.31,3.31,,
3.28,3.28,,
3.36,3.36,,
3.14,3.14,,
3.2,3.2,,
3.14,3.14,,
3.14,3.14,,
3.18,3.18,,
3.2,3.2,,
3.13,3.13,,
3.14,3.14,,
3.13,3.13,,
3.2,3.2,,
3.27,3.27,,
3.13,3.13,,
3.14,3.14,,
3.18,3.18,,
3.16,3.16,,
3.16,3.16,,
3.2,3.2,,
3.34,3.34,,
3.29,3.29,,
3.31,3.31,,
3.15,3.15,,
3.19,3.19,,
3.18,3.18,,
3.13,3.13,,
3.13,3.13,,
3.2,3.2,,
3.16,3.16,,
3.18,3.18,,
3.15,3.15,,
3.16,3.16,,
3.17,3.17,,
3.17,3.17,,
3.21,3.21,,
3.2,3.2,,
3.17,3.17,,
3.14,3.14,,
3.15,3.15,,
3.16,3.16,,
3.22,3.22,,
3.31,3.31,,
3.31,3.31,,
3.37,3.37,,
3.14,3.14,,
3.15,3.15,,
3.23,3.23,,
3.14,3.14,,
3.13,3.13,,
3.14,3.14,,
3.22,3.22,,
3.13,3.13,,
3.14,3.14,,
3.15,3.15,,
3.19,3.19,,
3.17,3.17,,
3.17,3.17,,
3.14,3.14,,
3.17,3.17,,
3.16,3.16,,
3.14,3.14,,
3.19,3.19,,
3.24,3.24,,
3.27,3.27,,
3.35,3.35,,
3.17,3.17,,
3.13,3.13,,
3.13,3.13,,
3.15,3.15,,
3.13,3.13,,
3.13,3.13,,
3.19,3.19,,
3.18,3.18,,
3.13,3.13,,
3.13,3.13,,
3.18,3.18,,
3.19,3.19,,
3.13,3.13,,
3.13,3.13,,
3.13,3.13,,
3.17,3.17,,
3.21,3.21,,
3.13,3.13,,
3.32,3.32,,
3.33,3.33,,
3.28,3.28,,
3.33,3.33,,
3.47,3.47,,
3.2,3.2,,
3.18,3.18,,
3.2,3.2,,
3.15,3.15,,
3.19,3.19,,
3.25,3.25,,
3.21,3.21,,
3.13,3.13,,
3.12,3.12,,
3.14,3.14,,
3.21,3.21,,
3.16,3.16,,
3.17,3.17,,
3.13,3.13,,
3.14,3.14,,
3.15,3.15,,
3.14,3.14,,
3.26,3.26,,
3.3,3.3,,
3.28,3.28,,
3.3,3.3,,
3.25,3.25,,
3.17,3.17,,
3.16,3.16,,
3.14,3.14,,
3.13,3.13,,
3.13,3.13,,
3.35,3.35,,
3.16,3.16,,
3.17,3.17,,
3.14,3.14,,
3.14,3.14,,
3.22,3.22,,
3.2,3.2,,
3.14,3.14,,
3.2,3.2,,
3.17,3.17,,
3.15,3.15,,
3.19,3.19,,
3.3,3.3,,
3.29,3.29,,
3.33,3.33,,
3.28,3.28,,
3.14,3.14,,
3.13,3.13,,
3.13,3.13,,
3.2,3.2,,
3.15,3.15,,
3.24,3.24,,
3.17,3.17,,
3.17,3.17,,
3.15,3.15,,
3.19,3.19,,
3.15,3.15,,
3.19,3.19,,
3.21,3.21,,
3.15,3.15,,
3.13,3.13,,
3.13,3.13,,
3.21,3.21,,
3.19,3.19,,
3.34,3.34,,
3.26,3.26,,
3.3,3.3,,
3.28,3.28,,
3.18,3.18,,
3.14,3.14,,
3.13,3.13,,
3.13,3.13,,
3.18,3.18,,
3.3,3.3,,
3.19,3.19,,
3.16,3.16,,
3.13,3.13,,
3.13,3.13,,
3.13,3.13,,
3.15,3.15,,
3.17,3.17,,
3.13,3.13,,
3.13,3.13,,
3.14,3.14,,
3.19,3.19,,
3.22,3.22,,
3.28,3.28,,
3.28,3.28,,
3.3,3.3,,
3.27,3.27,,
3.22,3.22,,
3.2,3.2,,
3.14,3.14,,
3.13,3.13,,
3.14,3.14,,
3.21,3.21,,
3.15,3.15,,
3.16,3.16,,
3.22,3.22,,
3.14,3.14,,
3.14,3.14,,
3.21,3.21,,
3.27,3.27,,
3.15,3.15,,
3.15,3.15,,
3.18,3.18,,
3.16,3.16,,
3.29,3.29,,
3.31,3.31,,
3.31,3.31,,
3.32,3.32,,
3.35,3.35,,
3.2,3.2,,
3.21,3.21,,
3.2,3.2,,
3.15,3.15,,
3.14,3.14,,
3.18,3.18,,
3.23,3.23,,
3.15,3.15,,
3.14,3.14,,
3.14,3.14,,
3.14,3.14,,
3.18,3.18,,
3.19,3.19,,
3.13,3.13,,
3.13,3.13,,
3.18,3.18,,
3.14,3.14,,
3.16,3.16,,
3.29,3.29,,
3.29,3.29,,
3.27,3.27,,
3.45,3.45,,
3.17,3.17,,
3.16,3.16,,
3.16,3.16,,
3.14,3.14,,
3.14,3.14,,
3.18,3.18,,
3.16,3.16,,
3.14,3.14,,
3.14,3.14,,
3.13,3.13,,
3.13,3.13,,
3.23,3.23,,
3.17,3.17,,
3.13,3.13,,
3.15,3.15,,
3.25,3.25,,
3.14,3.14,,
3.13,3.13,,
3.32,3.32,,
3.33,3.33,,
3.39,3.39,,
3.18,3.18,,
3.18,3.18,,
3.13,3.13,,
3.13,3.13,,
3.13,3.13,,
3.16,3.16,,
3.21,3.21,,
3.17,3.17,,
3.16,3.16,,
3.14,3.14,,
3.15,3.15,,
3.22,3.22,,
3.15,3.15,,
3.14,3.14,,
3.14,3.14,,
3.14,3.14,,
3.16,3.16,,
3.15,3.15,,
3.31,3.31,,
3.35,3.35,,
3.31,3.31,,
3.2,3.2,,
3.15,3.15,,
3.22,3.22,,
3.15,3.15,,
3.18,3.18,,
3.14,3.14,,
3.17,3.17,,
3.16,3.16,,
3.18,3.18,,
3.18,3.18,,
3.13,3.13,,
3.19,3.19,,
3.19,3.19,,
3.14,3.14,,
3.14,3.14,,
3.13,3.13,,
3.18,3.18,,
3.14,3.14,,
3.13,3.13,,
3.34,3.34,,
3.28,3.28,,
3.27,3.27,,
3.15,3.15,,
3.13,3.13,,
3.13,3.13,,
3.15,3.15,,
3.18,3.18,,
3.16,3.16,,
3.14,3.14,,
3.15,3.15,,
3.18,3.18,,
3.13,3.13,,
3.14,3.14,,
3.14,3.14,,
3.13,3.13,,
3.13,3.13,,
3.13,3.13,,
3.16,3.16,,
3.18,3.18,,
3.13,3.13,,
3.27,3.27,,
3.29,3.29,,
3.31,3.31,,
3.39,3.39,,
3.24,3.24,,
3.15,3.15,,
3.13,3.13,,
3.14,3.14,,
3.13,3.13,,
3.22,3.22,,
3.14,3.14,,
3.15,3.15,,
3.13,3.13,,
3.14,3.14,,
3.15,3.15,,
3.26,3.26,,
3.31,3.31,,
3.17,3.17,,
3.18,3.18,,
3.17,3.17,,
3.36,3.36,,
3.27,3.27,,
3.21,3.21,,
3.31,3.31,,
3.33,3.33,,
3.37,3.37,,
3.23,3.23,,
3.25,3.25,,
3.13,3.13,,
3.13,3.13,,
3.13,3.13,,
3.13,3.13,,
3.21,3.21,,
3.19,3.19,,
3.14,3.14,,
3.13,3.13,,
3.14,3.14,,
3.2,3.2,,
3.27,3.27,,
3.14,3.14,,
3.17,3.17,,
3.14,3.14,,
3.14,3.14,,
3.18,3.18,,
3.29,3.29,,
3.33,3.33,,
3.31,3.31,,
3.32,3.32,,
3.26,3.26,,
3.2,3.2,,
3.21,3.21,,
3.21,3.21,,
3.16,3.16,,
3.13,3.13,,
3.16,3.16,,
3.28,3.28,,
3.21,3.21,,
3.14,3.14,,
3.14,3.14,,
3.26,3.26,,
3.2,3.2,,
3.14,3.14,,
3.16,3.16,,
3.14,3.14,,
3.15,3.15,,
3.16,3.16,,
3.24,3.24,,
3.3,3.3,,
3.36,3.36,,
3.32,3.32,,
3.29,3.29,,
3.14,3.14,,
3.15,3.15,,
3.15,3.15,,
3.14,3.14,,
3.19,3.19,,
3.25,3.25,,
3.16,3.16,,
3.2,3.2,,
3.14,3.14,,
3.14,3.14,,
3.28,3.28,,
3.21,3.21,,
3.21,3.21,,
3.13,3.13,,
3.18,3.18,,
3.13,3.13,,
3.21,3.21,,
3.29,3.29,,
3.24,3.24,,
3.29,3.29,,
3.35,3.35,,
3.21,3.21,,
3.17,3.17,,
3.13,3.13,,
3.06,3.06,,
3.13,3.13,,
3.25,3.25,,
3.14,3.14,,
3.16,3.16,,
3.13,3.13,,
3.14,3.14,,
3.15,3.15,,
3.15,3.15,,
3.17,3.17,,
3.12,3.12,,
3.16,3.16,,
3.13,3.13,,
3.17,3.17,,
3.21,3.21,,
3.25,3.25,,
3.33,3.33,,
3.36,3.36,,
3.25,3.25,,
3.27,3.27,,
3.22,3.22,,
3.16,3.16,,
3.13,3.13,,
3.13,3.13,,
3.19,3.19,,
3.16,3.16,,
3.18,3.18,,
3.14,3.14,,
3.14,3.14,,
3.15,3.15,,
3.2,3.2,,
3.25,3.25,,
3.16,3.16,,
3.15,3.15,,
3.16,3.16,,
3.17,3.17,,
3.16,3.16,,
3.27,3.27,,
3.34,3.34,,
3.32,3.32,,
3.31,3.31,,
3.2,3.2,,
3.18,3.18,,
3.15,3.15,,
3.13,3.13,,
3.13,3.13,,
3.29,3.29,,
3.18,3.18,,
3.12,3.12,,
3.13,3.13,,
3.12,3.12,,
3.13,3.13,,
3.28,3.28,,
3.22,3.22,,
3.12,3.12,,
3.13,3.13,,
3.15,3.15,,
3.17,3.17,,
3.17,3.17,,
3.33,3.33,,
3.31,3.31,,
3.31,3.31,,
3.13,3.13,,
3.34,3.34,,
3.18,3.18,,
3.13,3.13,,
3.13,3.13,,
3.13,3.13,,
3.13,3.13,,
3.16,3.16,,
3.13,3.13,,
3.14,3.14,,
3.13,3.13,,
3.13,3.13,,
3.33,3.33,,
3.12,3.12,,
3.14,3.14,,
3.13,3.13,,
3.14,3.14,,
3.14,3.14,,
3.22,3.22,,
3.31,3.31,,
3.37,3.37,,
3.26,3.26,,
3.13,3.13,,
3.13,3.13,,
3.16,3.16,,
3.18,3.18,,
3.14,3.14,,
3.18,3.18,,
3.2,3.2,,
3.14,3.14,,
3.15,3.15,,
3.14,3.14,,
3.15,3.15,,
3.17,3.17,,
3.25,3.25,,
3.13,3.13,,
3.13,3.13,,
3.2,3.2,,
3.14,3.14,,
3.12,3.12,,
3.38,3.38,,
3.27,3.27,,
3.29,3.29,,
3.13,3.13,,
3.15,3.15,,
3.14,3.14,,
3.14,3.14,,
3.14,3.14,,
3.28,3.28,,
3.14,3.14,,
3.13,3.13,,
3.13,3.13,,
3.13,3.13,,
3.17,3.17,,
3.14,3.14,,
3.19,3.19,,
3.14,3.14,,
3.14,3.14,,
3.13,3.13,,
3.17,3.17,,
3.18,3.18,,
3.28,3.28,,
3.27,3.27,,
3.28,3.28,,
3.27,3.27,,
3.15,3.15,,
3.15,3.15,,
3.13,3.13,,
3.15,3.15,,
3.19,3.19,,
3.19,3.19,,
3.17,3.17,,
3.15,3.15,,
3.14,3.14,,
3.14,3.14,,
3.23,3.23,,
3.27,3.27,,
3.17,3.17,,
3.14,3.14,,
3.18,3.18,,
3.14,3.14,,
3.19,3.19,,
3.22,3.22,,
3.37,3.37,,
3.28,3.28,,
3.38,3.38,,
3.24,3.24,,
3.17,3.17,,
3.14,3.14,,
3.13,3.13,,
3.15,3.15,,
3.13,3.13,,
3.27,3.27,,
3.24,3.24,,
3.16,3.16,,
3.15,3.15,,
3.29,3.29,,
3.15,3.15,,
3.13,3.13,,
3.21,3.21,,
3.2,3.2,,
3.14,3.14,,
3.13,3.13,,
3.16,3.16,,
3.21,3.21,,
3.13,3.13,,
3.35,3.35,,
3.31,3.31,,
3.34,3.34,,
3.28,3.28,,
3.18,3.18,,
3.13,3.13,,
3.14,3.14,,
3.13,3.13,,
3.13,3.13,,
3.22,3.22,,
3.13,3.13,,
3.13,3.13,,
3.16,3.16,,
3.13,3.13,,
3.21,3.21,,
3.24,3.24,,
3.14,3.14,,
3.22,3.22,,
3.14,3.14,,
3.2,3.2,,
3.17,3.17,,
3.31,3.31,,
3.31,3.31,,
3.38,3.38,,
3.33,3.33,,
3.14,3.14,,
3.15,3.15,,
3.13,3.13,,
3.14,3.14,,
3.21,3.21,,
3.27,3.27,,
