%CPU,Exhaustivo,Aleatorio,Evolutivo
100.0,100.0,100.0,100.0
100.0,100.0,100.0,100.0
100.0,100.0,100.0,100.0
99.9,99.9,100.0,0.0
99.3,99.3,100.0,100.0
100.0,100.0,100.0,100.0
100.0,100.0,100.0,100.0
100.0,100.0,100.0,100.0
100.0,100.0,100.0,100.0
100.1,100.1,100.0,100.0
99.9,99.9,100.0,100.0
100.0,100.0,100.0,100.0
100.1,100.1,100.0,100.0
100.0,100.0,100.0,99.3
100.0,100.0,100.0,100.0
100.0,100.0,100.0,0.0
99.9,99.9,100.0,100.0
99.9,99.9,100.0,0.0
99.9,99.9,100.0,100.0
99.9,99.9,99.9,100.0
99.3,99.3,100.0,100.0
99.9,99.9,99.2,100.0
100.0,100.0,100.0,100.0
100.0,100.0,100.0,100.0
100.0,100.0,99.3,100.0
99.3,99.3,100.0,100.0
100.0,100.0,100.0,100.0
100.0,100.0,99.2,100.0
100.0,100.0,100.0,100.0
100.0,100.0,100.0,100.0
100.0,100.0,82.3,100.0
100.0,100.0,2.1,0.0
100.0,100.0,0.0,100.0
100.0,100.0,2.1,100.0
100.0,100.0,0.7,100.0
100.0,100.0,,100.0
98.5,98.5,,100.0
100.0,100.0,,100.0
100.0,100.0,,100.0
100.0,100.0,,100.0
99.9,99.9,,100.0
99.9,99.9,,100.0
100.0,100.0,,100.0
100.1,100.1,,100.0
100.0,100.0,,100.0
100.0,100.0,,100.0
99.4,99.4,,100.0
100.1,100.1,,100.0
99.3,99.3,,0.0
100.1,100.1,,100.0
100.0,100.0,,100.0
98.5,98.5,,78.1
100.0,100.0,,77.2
99.9,99.9,,76.4
97.9,97.9,,77.1
100.0,100.0,,78.5
100.1,100.1,,76.6
99.3,99.3,,76.4
100.0,100.0,,77.5
100.0,100.0,,77.8
98.6,98.6,,77.8
100.1,100.1,,79.7
100.0,100.0,,79.7
100.1,100.1,,76.6
100.0,100.0,,76.8
100.0,100.0,,76.8
100.1,100.1,,78.4
100.0,100.0,,51.5
100.1,100.1,,52.9
100.0,100.0,,59.4
100.0,100.0,,51.8
100.0,100.0,,52.8
100.0,100.0,,52.6
100.1,100.1,,51.8
100.0,100.0,,51.1
100.0,100.0,,51.4
100.0,100.0,,92.2
100.1,100.1,,100.0
99.3,99.3,,100.0
100.1,100.1,,0.0
100.1,100.1,,100.0
100.0,100.0,,100.0
100.1,100.1,,100.0
100.1,100.1,,100.0
100.0,100.0,,100.0
100.0,100.0,,100.0
100.1,100.1,,100.0
100.0,100.0,,100.0
100.0,100.0,,100.0
99.4,99.4,,100.0
100.0,100.0,,100.0
100.0,100.0,,100.0
100.0,100.0,,100.0
100.0,100.0,,100.0
99.9,99.9,,100.0
100.0,100.0,,100.0
100.0,100.0,,100.0
98.6,98.6,,100.0
100.0,100.0,,100.0
100.0,100.0,,100.0
100.0,100.0,,100.0
100.0,100.0,,100.0
99.3,99.3,,100.0
100.1,100.1,,100.0
100.0,100.0,,100.0
99.2,99.2,,100.0
100.1,100.1,,0.0
100.0,100.0,,0.0
100.0,100.0,,100.0
99.9,99.9,,0.0
100.1,100.1,,100.0
100.0,100.0,,100.0
100.0,100.0,,100.0
99.3,99.3,,100.0
100.0,100.0,,100.0
100.0,100.0,,100.0
100.1,100.1,,100.0
100.0,100.0,,100.0
99.3,99.3,,100.0
100.0,100.0,,100.0
100.0,100.0,,100.0
100.0,100.0,,100.0
99.9,99.9,,100.0
99.9,99.9,,100.0
100.0,100.0,,100.0
100.1,100.1,,100.0
100.0,100.0,,100.0
100.0,100.0,,100.0
100.0,100.0,,100.0
100.1,100.1,,100.0
99.2,99.2,,100.0
100.0,100.0,,100.0
100.0,100.0,,100.0
100.0,100.0,,100.0
100.0,100.0,,100.0
100.0,100.0,,100.0
100.0,100.0,,99.2
100.0,100.0,,99.9
100.0,100.0,,100.0
100.0,100.0,,100.0
100.0,100.0,,100.0
100.0,100.0,,99.9
100.0,100.0,,100.0
100.0,100.0,,100.0
100.1,100.1,,100.0
100.0,100.0,,100.0
99.9,99.9,,100.0
100.0,100.0,,100.0
100.1,100.1,,100.0
100.0,100.0,,88.4
100.0,100.0,,52.6
100.1,100.1,,54.4
100.0,100.0,,51.8
99.3,99.3,,25.6
100.1,100.1,,28.2
100.0,100.0,,26.1
99.9,99.9,,100.0
100.0,100.0,,100.0
98.7,98.7,,100.0
99.9,99.9,,100.0
97.9,97.9,,100.0
100.0,100.0,,100.0
100.0,100.0,,100.0
100.1,100.1,,100.0
100.1,100.1,,99.9
99.9,99.9,,100.0
100.0,100.0,,99.3
100.0,100.0,,100.0
100.0,100.0,,100.0
100.0,100.0,,99.9
100.0,100.0,,100.0
100.0,100.0,,100.0
99.9,99.9,,100.0
100.0,100.0,,100.0
100.0,100.0,,100.0
100.0,100.0,,100.0
100.0,100.0,,100.0
100.1,100.1,,100.0
100.0,100.0,,100.0
100.0,100.0,,100.0
100.0,100.0,,100.0
100.0,100.0,,100.0
100.0,100.0,,100.0
100.0,100.0,,100.0
100.0,100.0,,99.4
99.9,99.9,,99.9
100.0,100.0,,100.0
100.0,100.0,,100.0
100.0,100.0,,100.0
100.0,100.0,,100.0
99.9,99.9,,100.0
99.9,99.9,,100.0
100.0,100.0,,100.0
100.0,100.0,,100.0
100.0,100.0,,100.0
100.0,100.0,,100.0
100.0,100.0,,100.0
100.1,100.1,,100.0
99.9,99.9,,100.0
100.0,100.0,,100.0
100.0,100.0,,100.0
100.0,100.0,,100.0
100.0,100.0,,100.0
99.9,99.9,,99.9
100.0,100.0,,100.0
100.0,100.0,,99.9
100.0,100.0,,100.0
100.0,100.0,,100.0
100.0,100.0,,100.0
100.0,100.0,,99.9
100.0,100.0,,77.2
100.1,100.1,,76.7
99.9,99.9,,76.8
99.9,99.9,,80.9
99.9,99.9,,77.2
100.0,100.0,,77.4
100.1,100.1,,76.0
100.0,100.0,,83.1
100.0,100.0,,76.7
100.0,100.0,,76.4
100.0,100.0,,29.7
100.1,100.1,,25.4
100.0,100.0,,100.0
99.9,99.9,,100.0
99.9,99.9,,100.0
100.1,100.1,,100.0
100.0,100.0,,100.0
100.0,100.0,,100.0
100.0,100.0,,100.0
100.0,100.0,,100.0
100.0,100.0,,100.0
100.0,100.0,,100.0
100.0,100.0,,100.0
100.0,100.0,,100.0
100.1,100.1,,100.0
100.0,100.0,,100.0
100.0,100.0,,99.9
100.0,100.0,,100.1
98.0,98.0,,99.9
100.0,100.0,,100.0
100.0,100.0,,100.0
100.0,100.0,,100.0
99.9,99.9,,100.0
100.0,100.0,,100.0
100.0,100.0,,100.0
100.0,100.0,,100.0
100.0,100.0,,100.0
100.0,100.0,,99.9
100.0,100.0,,100.0
99.3,99.3,,100.0
100.1,100.1,,100.0
100.0,100.0,,100.0
99.3,99.3,,100.0
100.0,100.0,,100.0
100.0,100.0,,99.9
99.9,99.9,,100.1
100.0,100.0,,100.0
100.0,100.0,,99.9
100.0,100.0,,100.0
100.0,100.0,,100.0
100.0,100.0,,100.0
99.9,99.9,,100.0
100.0,100.0,,99.9
100.0,100.0,,100.0
100.0,100.0,,100.0
100.1,100.1,,100.0
100.0,100.0,,100.0
99.9,99.9,,100.0
99.9,99.9,,100.0
100.1,100.1,,99.9
100.0,100.0,,100.0
100.1,100.1,,99.3
99.9,99.9,,100.1
99.9,99.9,,83.2
100.1,100.1,,77.4
99.9,99.9,,76.2
100.0,100.0,,79.9
100.0,100.0,,77.5
100.0,100.0,,76.8
99.9,99.9,,79.6
100.0,100.0,,77.4
100.0,100.0,,79.2
100.0,100.0,,77.2
99.9,99.9,,79.2
100.0,100.0,,76.4
100.0,100.0,,77.4
100.0,100.0,,77.9
100.0,100.0,,77.5
100.0,100.0,,77.7
100.0,100.0,,76.4
100.0,100.0,,82.6
100.0,100.0,,76.9
100.0,100.0,,76.7
100.0,100.0,,76.7
100.0,100.0,,77.5
100.0,100.0,,51.9
100.0,100.0,,51.4
100.0,100.0,,54.8
100.0,100.0,,51.4
100.0,100.0,,26.4
100.0,100.0,,28.1
100.0,100.0,,50.4
100.0,100.0,,55.9
100.1,100.1,,99.9
100.1,100.1,,100.0
100.0,100.0,,100.0
100.1,100.1,,100.0
100.0,100.0,,100.0
100.0,100.0,,100.0
100.0,100.0,,100.0
99.9,99.9,,100.0
100.0,100.0,,99.9
100.0,100.0,,100.0
100.0,100.0,,100.0
100.0,100.0,,99.9
100.0,100.0,,99.9
100.0,100.0,,100.0
100.0,100.0,,100.0
100.0,100.0,,100.0
88.5,88.5,,99.9
99.9,99.9,,100.0
100.0,100.0,,99.9
100.0,100.0,,99.9
100.0,100.0,,100.0
99.9,99.9,,100.0
100.0,100.0,,99.9
100.0,100.0,,100.0
100.0,100.0,,100.0
100.0,100.0,,99.9
100.0,100.0,,100.0
100.1,100.1,,100.0
99.9,99.9,,100.0
100.0,100.0,,100.1
100.0,100.0,,99.9
100.0,100.0,,100.0
100.0,100.0,,100.0
100.0,100.0,,99.9
100.0,100.0,,100.0
100.0,100.0,,99.9
100.0,100.0,,100.0
97.9,97.9,,99.9
99.9,99.9,,100.0
100.0,100.0,,100.0
100.0,100.0,,100.0
100.0,100.0,,100.0
100.0,100.0,,100.1
99.3,99.3,,100.0
99.9,99.9,,100.0
100.0,100.0,,99.3
99.3,99.3,,100.1
100.0,100.0,,100.0
100.1,100.1,,100.0
99.4,99.4,,99.9
100.0,100.0,,99.9
100.0,100.0,,100.0
100.0,100.0,,100.0
99.9,99.9,,100.0
100.0,100.0,,99.9
100.0,100.0,,77.8
100.0,100.0,,76.3
100.0,100.0,,76.7
100.1,100.1,,77.1
99.9,99.9,,76.5
100.0,100.0,,79.6
100.0,100.0,,76.6
99.3,99.3,,76.7
100.0,100.0,,76.9
100.0,100.0,,76.7
100.0,100.0,,76.7
100.0,100.0,,77.0
100.0,100.0,,80.3
100.0,100.0,,77.1
99.3,99.3,,76.7
99.9,99.9,,77.4
99.3,99.3,,79.5
99.3,99.3,,76.4
98.6,98.6,,27.4
100.0,100.0,,29.2
99.9,99.9,,27.4
100.0,100.0,,27.0
100.1,100.1,,27.5
100.0,100.0,,26.1
97.3,97.3,,26.4
100.0,100.0,,100.0
100.0,100.0,,100.0
100.1,100.1,,99.9
100.0,100.0,,100.0
100.0,100.0,,100.0
99.9,99.9,,100.0
100.0,100.0,,100.0
100.0,100.0,,100.0
100.0,100.0,,100.0
100.0,100.0,,99.9
100.0,100.0,,99.9
100.0,100.0,,100.0
100.0,100.0,,100.0
100.0,100.0,,100.0
100.0,100.0,,100.0
100.0,100.0,,100.0
100.0,100.0,,99.9
100.0,100.0,,99.9
100.0,100.0,,100.0
99.3,99.3,,100.0
99.9,99.9,,100.0
98.4,98.4,,100.0
99.9,99.9,,100.0
100.0,100.0,,100.0
100.0,100.0,,100.1
99.2,99.2,,100.0
100.0,100.0,,100.0
99.9,99.9,,100.0
100.0,100.0,,100.0
100.0,100.0,,100.0
100.0,100.0,,100.0
100.0,100.0,,100.0
99.9,99.9,,100.0
100.1,100.1,,99.3
100.0,100.0,,100.0
100.0,100.0,,100.0
99.3,99.3,,100.0
100.0,100.0,,100.0
100.0,100.0,,100.0
100.0,100.0,,100.0
100.0,100.0,,100.0
98.6,98.6,,100.0
100.0,100.0,,100.0
99.3,99.3,,100.0
100.0,100.0,,100.0
100.0,100.0,,99.9
100.0,100.0,,100.0
100.0,100.0,,100.1
99.3,99.3,,99.9
100.0,100.0,,100.0
98.6,98.6,,99.9
99.9,99.9,,100.0
100.1,100.1,,100.0
100.0,100.0,,99.9
99.4,99.4,,99.9
99.9,99.9,,100.1
100.0,100.0,,94.2
99.3,99.3,,99.9
100.0,100.0,,100.0
100.0,100.0,,100.0
100.0,100.0,,100.0
100.0,100.0,,99.9
100.0,100.0,,100.0
100.0,100.0,,100.0
100.0,100.0,,100.0
100.0,100.0,,100.0
100.0,100.0,,100.0
100.1,100.1,,100.0
100.0,100.0,,100.0
100.0,100.0,,100.0
100.1,100.1,,100.0
100.0,100.0,,100.0
98.7,98.7,,0.0
100.0,100.0,,99.9
100.0,100.0,,100.0
100.0,100.0,,100.0
100.1,100.1,,100.0
100.0,100.0,,100.0
100.0,100.0,,100.0
99.9,99.9,,100.0
100.0,100.0,,99.9
100.0,100.0,,100.0
100.0,100.0,,100.0
100.0,100.0,,100.0
99.9,99.9,,99.9
100.1,100.1,,100.0
100.0,100.0,,100.0
100.0,100.0,,100.0
99.9,99.9,,100.0
100.0,100.0,,100.0
99.9,99.9,,100.0
100.0,100.0,,99.9
100.0,100.0,,99.9
100.0,100.0,,99.9
100.0,100.0,,99.9
100.0,100.0,,100.0
100.0,100.0,,99.9
100.0,100.0,,99.9
99.9,99.9,,99.9
100.0,100.0,,100.0
100.0,100.0,,100.0
100.0,100.0,,100.0
100.0,100.0,,99.9
100.0,100.0,,100.0
99.9,99.9,,100.1
100.0,100.0,,100.0
100.0,100.0,,100.0
100.0,100.0,,100.0
100.0,100.0,,100.0
100.0,100.0,,100.0
100.0,100.0,,100.0
100.1,100.1,,99.9
100.0,100.0,,100.0
100.0,100.0,,100.0
99.9,99.9,,100.0
100.0,100.0,,100.0
100.0,100.0,,99.9
99.9,99.9,,99.9
100.0,100.0,,99.9
100.1,100.1,,100.1
99.9,99.9,,25.6
100.0,100.0,,99.3
100.0,100.0,,100.0
100.0,100.0,,99.9
100.0,100.0,,100.0
100.0,100.0,,100.0
100.0,100.0,,100.0
99.9,99.9,,100.0
100.0,100.0,,100.0
100.0,100.0,,99.9
100.0,100.0,,100.0
100.0,100.0,,100.0
99.9,99.9,,100.0
100.0,100.0,,100.0
100.0,100.0,,100.0
100.0,100.0,,100.0
100.0,100.0,,100.0
100.0,100.0,,100.1
100.0,100.0,,100.0
100.0,100.0,,100.0
100.1,100.1,,100.0
100.0,100.0,,100.0
100.0,100.0,,99.9
100.0,100.0,,100.0
100.0,100.0,,100.0
100.0,100.0,,100.0
100.0,100.0,,100.0
100.0,100.0,,100.0
100.0,100.0,,100.0
99.9,99.9,,100.0
100.0,100.0,,100.0
100.0,100.0,,100.0
99.3,99.3,,0.0
100.1,100.1,,100.0
100.0,100.0,,99.9
99.9,99.9,,100.0
100.1,100.1,,100.0
100.0,100.0,,100.0
99.9,99.9,,100.0
100.0,100.0,,99.9
100.0,100.0,,99.9
100.0,100.0,,100.0
100.0,100.0,,99.9
100.0,100.0,,100.0
100.0,100.0,,99.9
100.0,100.0,,100.0
99.9,99.9,,99.9
100.0,100.0,,0.0
100.0,100.0,,100.0
100.0,100.0,,100.1
100.0,100.0,,100.0
99.9,99.9,,100.0
100.1,100.1,,100.0
100.0,100.0,,100.0
100.0,100.0,,99.9
100.0,100.0,,100.0
100.0,100.0,,99.9
100.0,100.0,,99.9
100.0,100.0,,100.0
100.1,100.1,,100.0
100.0,100.0,,100.0
100.0,100.0,,100.1
100.0,100.0,,100.0
100.0,100.0,,100.0
100.0,100.0,,99.9
100.0,100.0,,99.9
100.0,100.0,,100.0
100.0,100.0,,99.9
99.9,99.9,,100.0
100.0,100.0,,100.0
100.0,100.0,,100.0
100.0,100.0,,100.0
100.1,100.1,,99.9
100.0,100.0,,100.0
99.9,99.9,,100.0
100.0,100.0,,100.0
100.0,100.0,,100.1
100.0,100.0,,100.0
100.0,100.0,,100.1
100.0,100.0,,100.1
100.1,100.1,,100.0
100.0,100.0,,100.0
99.9,99.9,,100.1
100.1,100.1,,99.9
100.0,100.0,,100.0
99.9,99.9,,100.0
99.9,99.9,,100.0
99.9,99.9,,100.0
100.0,100.0,,100.0
100.0,100.0,,100.0
100.1,100.1,,100.0
100.0,100.0,,100.0
100.1,100.1,,100.0
100.0,100.0,,100.0
100.0,100.0,,100.0
100.0,100.0,,100.0
100.1,100.1,,100.0
100.0,100.0,,100.0
99.2,99.2,,99.9
100.0,100.0,,100.0
100.0,100.0,,100.0
100.0,100.0,,100.0
100.1,100.1,,99.9
99.9,99.9,,100.0
100.0,100.0,,100.0
100.0,100.0,,100.0
99.9,99.9,,99.9
100.0,100.0,,100.0
99.9,99.9,,100.0
100.0,100.0,,100.0
100.0,100.0,,100.0
100.0,100.0,,100.0
99.9,99.9,,100.0
99.9,99.9,,99.9
100.0,100.0,,100.0
100.0,100.0,,100.0
100.0,100.0,,99.2
100.0,100.0,,26.7
99.9,99.9,,25.9
100.0,100.0,,25.9
100.0,100.0,,26.6
99.9,99.9,,25.6
100.0,100.0,,27.9
100.0,100.0,,27.7
99.9,99.9,,26.0
100.0,100.0,,28.3
100.0,100.0,,26.7
99.9,99.9,,25.4
100.0,100.0,,29.2
100.0,100.0,,27.4
100.0,100.0,,26.7
100.0,100.0,,26.4
100.1,100.1,,26.6
100.0,100.0,,26.6
100.1,100.1,,26.6
99.9,99.9,,26.6
100.0,100.0,,27.0
99.9,99.9,,89.9
99.3,99.3,,100.0
100.0,100.0,,100.0
100.0,100.0,,100.0
100.0,100.0,,100.0
100.0,100.0,,100.0
100.0,100.0,,99.9
100.0,100.0,,100.0
100.0,100.0,,100.0
100.0,100.0,,100.0
100.0,100.0,,100.0
100.0,100.0,,100.0
99.9,99.9,,99.9
99.9,99.9,,100.0
100.0,100.0,,100.0
100.0,100.0,,100.0
100.1,100.1,,100.0
99.9,99.9,,100.0
100.1,100.1,,100.0
100.0,100.0,,100.0
100.0,100.0,,100.0
100.0,100.0,,99.9
100.0,100.0,,99.9
99.9,99.9,,99.9
99.9,99.9,,100.0
100.0,100.0,,99.9
100.0,100.0,,100.0
100.0,100.0,,100.1
100.0,100.0,,99.9
100.1,100.1,,100.0
100.0,100.0,,100.0
100.0,100.0,,100.1
100.0,100.0,,100.0
100.0,100.0,,100.1
99.9,99.9,,100.0
100.1,100.1,,100.0
100.0,100.0,,100.0
100.0,100.0,,99.9
100.0,100.0,,100.0
100.0,100.0,,99.9
100.0,100.0,,100.0
100.0,100.0,,100.0
100.0,100.0,,99.9
100.0,100.0,,100.0
100.0,100.0,,99.9
100.0,100.0,,99.3
100.0,100.0,,100.0
100.0,100.0,,100.0
100.0,100.0,,100.0
100.0,100.0,,100.0
100.0,100.0,,100.0
100.0,100.0,,99.9
100.0,100.0,,100.0
100.0,100.0,,100.0
99.9,99.9,,100.0
100.0,100.0,,100.0
100.0,100.0,,100.0
100.0,100.0,,100.0
100.0,100.0,,100.1
100.0,100.0,,99.9
100.0,100.0,,100.0
100.0,100.0,,99.9
100.0,100.0,,99.9
100.0,100.0,,99.9
100.1,100.1,,51.8
99.9,99.9,,26.6
100.0,100.0,,28.1
99.9,99.9,,25.6
100.0,100.0,,26.1
100.0,100.0,,25.9
99.9,99.9,,26.4
100.0,100.0,,100.0
100.0,100.0,,99.9
100.0,100.0,,100.0
100.0,100.0,,99.9
100.0,100.0,,100.0
100.0,100.0,,100.0
100.0,100.0,,99.9
100.0,100.0,,100.0
100.0,100.0,,100.0
100.0,100.0,,100.0
100.0,100.0,,100.0
100.0,100.0,,100.0
100.1,100.1,,99.9
100.0,100.0,,100.0
100.0,100.0,,100.0
100.0,100.0,,100.0
100.0,100.0,,100.1
100.0,100.0,,100.0
100.0,100.0,,100.0
100.0,100.0,,100.0
100.0,100.0,,99.9
100.0,100.0,,100.0
100.1,100.1,,100.0
99.9,99.9,,100.0
100.0,100.0,,99.9
99.9,99.9,,100.0
99.2,99.2,,100.0
99.9,99.9,,100.0
99.9,99.9,,99.9
100.0,100.0,,100.0
100.0,100.0,,100.1
99.9,99.9,,100.0
100.0,100.0,,99.9
100.0,100.0,,100.0
100.1,100.1,,100.0
100.0,100.0,,100.0
100.0,100.0,,100.0
100.0,100.0,,100.0
100.0,100.0,,100.0
100.0,100.0,,100.0
99.9,99.9,,100.0
99.9,99.9,,100.0
100.0,100.0,,76.6
100.0,100.0,,51.4
100.0,100.0,,54.4
100.0,100.0,,51.8
100.0,100.0,,51.0
100.0,100.0,,54.8
100.0,100.0,,52.6
100.0,100.0,,51.8
100.0,100.0,,52.1
100.0,100.0,,51.8
100.0,100.0,,54.7
100.0,100.0,,51.8
100.0,100.0,,55.1
100.0,100.0,,53.6
99.9,99.9,,52.1
100.0,100.0,,52.6
100.0,100.0,,52.1
100.0,100.0,,52.1
100.0,100.0,,51.4
100.0,100.0,,54.8
100.1,100.1,,51.9
99.9,99.9,,100.0
100.0,100.0,,100.0
99.9,99.9,,100.0
100.0,100.0,,100.0
100.0,100.0,,100.0
100.0,100.0,,100.0
100.0,100.0,,100.0
100.0,100.0,,99.9
100.1,100.1,,100.0
100.0,100.0,,99.9
100.0,100.0,,100.0
100.0,100.0,,100.0
100.0,100.0,,100.0
99.3,99.3,,100.0
100.0,100.0,,100.0
100.0,100.0,,99.9
100.1,100.1,,99.9
100.0,100.0,,100.0
100.0,100.0,,8.9
100.0,100.0,,
100.0,100.0,,
100.0,100.0,,
99.9,99.9,,
100.0,100.0,,
100.0,100.0,,
99.9,99.9,,
100.0,100.0,,
100.0,100.0,,
99.9,99.9,,
100.0,100.0,,
100.0,100.0,,
100.0,100.0,,
100.0,100.0,,
100.0,100.0,,
100.0,100.0,,
100.0,100.0,,
100.0,100.0,,
100.0,100.0,,
100.0,100.0,,
100.0,100.0,,
100.0,100.0,,
99.9,99.9,,
100.0,100.0,,
100.0,100.0,,
100.0,100.0,,
100.0,100.0,,
99.9,99.9,,
100.0,100.0,,
100.0,100.0,,
100.0,100.0,,
100.1,100.1,,
100.0,100.0,,
99.9,99.9,,
100.0,100.0,,
100.0,100.0,,
100.0,100.0,,
100.0,100.0,,
100.0,100.0,,
99.9,99.9,,
100.0,100.0,,
100.0,100.0,,
99.9,99.9,,
100.1,100.1,,
99.9,99.9,,
100.0,100.0,,
99.3,99.3,,
99.4,99.4,,
100.0,100.0,,
100.0,100.0,,
100.0,100.0,,
100.0,100.0,,
100.0,100.0,,
100.0,100.0,,
100.0,100.0,,
100.0,100.0,,
100.0,100.0,,
99.9,99.9,,
100.0,100.0,,
100.0,100.0,,
100.0,100.0,,
100.0,100.0,,
99.9,99.9,,
100.0,100.0,,
99.9,99.9,,
99.9,99.9,,
100.1,100.1,,
100.0,100.0,,
100.0,100.0,,
99.9,99.9,,
100.0,100.0,,
100.0,100.0,,
100.0,100.0,,
100.1,100.1,,
100.0,100.0,,
100.0,100.0,,
100.0,100.0,,
100.0,100.0,,
99.9,99.9,,
100.0,100.0,,
100.0,100.0,,
99.9,99.9,,
100.0,100.0,,
100.0,100.0,,
100.1,100.1,,
99.9,99.9,,
100.0,100.0,,
100.0,100.0,,
100.0,100.0,,
100.0,100.0,,
100.0,100.0,,
100.0,100.0,,
100.0,100.0,,
100.1,100.1,,
99.9,99.9,,
100.0,100.0,,
99.3,99.3,,
99.9,99.9,,
100.0,100.0,,
100.0,100.0,,
100.0,100.0,,
100.0,100.0,,
100.0,100.0,,
100.0,100.0,,
100.0,100.0,,
100.0,100.0,,
100.0,100.0,,
100.0,100.0,,
100.1,100.1,,
100.0,100.0,,
100.0,100.0,,
100.0,100.0,,
99.9,99.9,,
100.1,100.1,,
100.1,100.1,,
100.0,100.0,,
100.0,100.0,,
100.0,100.0,,
92.9,92.9,,
99.3,99.3,,
100.1,100.1,,
100.1,100.1,,
100.0,100.0,,
100.0,100.0,,
99.9,99.9,,
100.0,100.0,,
99.3,99.3,,
99.9,99.9,,
99.9,99.9,,
100.0,100.0,,
100.1,100.1,,
100.0,100.0,,
100.0,100.0,,
100.0,100.0,,
100.0,100.0,,
99.9,99.9,,
100.1,100.1,,
100.0,100.0,,
100.0,100.0,,
100.0,100.0,,
100.0,100.0,,
100.0,100.0,,
100.0,100.0,,
100.0,100.0,,
100.0,100.0,,
100.0,100.0,,
100.0,100.0,,
100.0,100.0,,
99.9,99.9,,
99.9,99.9,,
99.9,99.9,,
100.0,100.0,,
100.0,100.0,,
100.0,100.0,,
100.0,100.0,,
100.0,100.0,,
100.0,100.0,,
100.1,100.1,,
99.9,99.9,,
99.9,99.9,,
100.0,100.0,,
100.0,100.0,,
100.0,100.0,,
100.0,100.0,,
100.0,100.0,,
100.1,100.1,,
100.0,100.0,,
100.0,100.0,,
100.0,100.0,,
99.9,99.9,,
100.1,100.1,,
100.0,100.0,,
100.0,100.0,,
100.1,100.1,,
100.0,100.0,,
100.0,100.0,,
100.0,100.0,,
100.0,100.0,,
100.0,100.0,,
100.0,100.0,,
100.0,100.0,,
100.0,100.0,,
99.9,99.9,,
99.9,99.9,,
100.0,100.0,,
100.0,100.0,,
100.0,100.0,,
100.0,100.0,,
100.1,100.1,,
100.0,100.0,,
100.0,100.0,,
99.9,99.9,,
99.9,99.9,,
100.0,100.0,,
100.1,100.1,,
100.0,100.0,,
100.0,100.0,,
100.1,100.1,,
100.1,100.1,,
100.0,100.0,,
100.0,100.0,,
100.0,100.0,,
100.0,100.0,,
99.3,99.3,,
99.9,99.9,,
99.2,99.2,,
99.9,99.9,,
100.0,100.0,,
99.9,99.9,,
100.0,100.0,,
99.9,99.9,,
100.0,100.0,,
100.0,100.0,,
100.0,100.0,,
100.0,100.0,,
99.9,99.9,,
100.0,100.0,,
99.9,99.9,,
100.0,100.0,,
99.9,99.9,,
99.3,99.3,,
100.0,100.0,,
99.9,99.9,,
100.0,100.0,,
100.0,100.0,,
100.0,100.0,,
100.0,100.0,,
100.0,100.0,,
100.0,100.0,,
100.0,100.0,,
100.0,100.0,,
100.0,100.0,,
100.0,100.0,,
100.0,100.0,,
99.9,99.9,,
100.0,100.0,,
100.0,100.0,,
100.0,100.0,,
100.0,100.0,,
100.0,100.0,,
100.0,100.0,,
99.9,99.9,,
99.9,99.9,,
100.0,100.0,,
100.0,100.0,,
100.0,100.0,,
100.0,100.0,,
100.0,100.0,,
99.9,99.9,,
99.3,99.3,,
100.0,100.0,,
99.9,99.9,,
99.2,99.2,,
100.0,100.0,,
100.1,100.1,,
99.3,99.3,,
100.0,100.0,,
100.0,100.0,,
100.0,100.0,,
100.0,100.0,,
100.0,100.0,,
99.9,99.9,,
99.9,99.9,,
100.0,100.0,,
100.0,100.0,,
99.9,99.9,,
100.0,100.0,,
100.0,100.0,,
99.9,99.9,,
100.0,100.0,,
100.0,100.0,,
100.0,100.0,,
100.0,100.0,,
100.0,100.0,,
100.1,100.1,,
99.9,99.9,,
100.0,100.0,,
100.1,100.1,,
100.0,100.0,,
100.0,100.0,,
100.0,100.0,,
100.0,100.0,,
99.9,99.9,,
100.0,100.0,,
100.0,100.0,,
100.0,100.0,,
100.0,100.0,,
100.0,100.0,,
100.0,100.0,,
100.0,100.0,,
99.9,99.9,,
100.0,100.0,,
98.6,98.6,,
96.6,96.6,,
79.4,79.4,,
100.0,100.0,,
100.0,100.0,,
100.0,100.0,,
100.1,100.1,,
100.0,100.0,,
100.0,100.0,,
100.0,100.0,,
100.0,100.0,,
100.0,100.0,,
100.0,100.0,,
100.0,100.0,,
100.0,100.0,,
100.0,100.0,,
100.0,100.0,,
100.0,100.0,,
99.9,99.9,,
100.0,100.0,,
100.0,100.0,,
100.0,100.0,,
100.0,100.0,,
100.0,100.0,,
100.0,100.0,,
100.0,100.0,,
100.0,100.0,,
100.0,100.0,,
100.0,100.0,,
100.0,100.0,,
100.0,100.0,,
99.9,99.9,,
100.0,100.0,,
100.0,100.0,,
99.9,99.9,,
100.0,100.0,,
100.0,100.0,,
100.0,100.0,,
100.0,100.0,,
100.0,100.0,,
100.0,100.0,,
100.0,100.0,,
99.9,99.9,,
99.9,99.9,,
99.9,99.9,,
100.0,100.0,,
100.0,100.0,,
100.0,100.0,,
99.9,99.9,,
100.0,100.0,,
100.0,100.0,,
100.0,100.0,,
100.0,100.0,,
100.0,100.0,,
99.9,99.9,,
100.0,100.0,,
99.9,99.9,,
100.0,100.0,,
100.0,100.0,,
99.9,99.9,,
100.0,100.0,,
100.0,100.0,,
100.0,100.0,,
100.0,100.0,,
99.9,99.9,,
100.1,100.1,,
99.9,99.9,,
100.0,100.0,,
100.1,100.1,,
100.0,100.0,,
100.1,100.1,,
99.9,99.9,,
100.0,100.0,,
100.0,100.0,,
97.9,97.9,,
100.0,100.0,,
100.0,100.0,,
99.9,99.9,,
99.9,99.9,,
100.0,100.0,,
100.0,100.0,,
99.9,99.9,,
99.9,99.9,,
100.0,100.0,,
100.0,100.0,,
99.9,99.9,,
100.1,100.1,,
100.0,100.0,,
100.0,100.0,,
100.0,100.0,,
100.0,100.0,,
100.0,100.0,,
100.0,100.0,,
100.0,100.0,,
100.0,100.0,,
100.0,100.0,,
100.0,100.0,,
100.1,100.1,,
100.0,100.0,,
100.0,100.0,,
100.0,100.0,,
100.0,100.0,,
100.0,100.0,,
99.9,99.9,,
100.1,100.1,,
100.0,100.0,,
100.1,100.1,,
99.2,99.2,,
100.1,100.1,,
99.9,99.9,,
99.9,99.9,,
100.0,100.0,,
100.0,100.0,,
100.0,100.0,,
100.0,100.0,,
100.0,100.0,,
100.0,100.0,,
100.0,100.0,,
100.1,100.1,,
100.0,100.0,,
100.1,100.1,,
99.9,99.9,,
100.0,100.0,,
100.0,100.0,,
100.0,100.0,,
100.0,100.0,,
100.0,100.0,,
100.0,100.0,,
99.9,99.9,,
100.0,100.0,,
100.0,100.0,,
100.0,100.0,,
99.9,99.9,,
99.9,99.9,,
100.0,100.0,,
100.0,100.0,,
100.0,100.0,,
100.0,100.0,,
100.0,100.0,,
100.0,100.0,,
99.9,99.9,,
100.0,100.0,,
100.0,100.0,,
100.0,100.0,,
100.0,100.0,,
100.0,100.0,,
100.0,100.0,,
100.0,100.0,,
100.0,100.0,,
99.9,99.9,,
100.0,100.0,,
100.0,100.0,,
100.0,100.0,,
100.0,100.0,,
100.0,100.0,,
100.0,100.0,,
100.0,100.0,,
100.0,100.0,,
100.0,100.0,,
100.0,100.0,,
100.0,100.0,,
99.9,99.9,,
100.0,100.0,,
100.0,100.0,,
100.0,100.0,,
100.0,100.0,,
100.0,100.0,,
100.0,100.0,,
100.0,100.0,,
100.0,100.0,,
100.0,100.0,,
100.0,100.0,,
100.0,100.0,,
100.0,100.0,,
100.0,100.0,,
100.0,100.0,,
100.0,100.0,,
100.1,100.1,,
99.9,99.9,,
100.0,100.0,,
100.0,100.0,,
99.9,99.9,,
100.0,100.0,,
100.0,100.0,,
100.0,100.0,,
100.0,100.0,,
100.0,100.0,,
100.0,100.0,,
100.0,100.0,,
100.0,100.0,,
100.0,100.0,,
100.0,100.0,,
100.0,100.0,,
100.0,100.0,,
100.0,100.0,,
99.9,99.9,,
100.1,100.1,,
100.0,100.0,,
100.0,100.0,,
100.0,100.0,,
100.0,100.0,,
100.0,100.0,,
100.0,100.0,,
100.0,100.0,,
100.0,100.0,,
100.0,100.0,,
100.0,100.0,,
100.0,100.0,,
100.0,100.0,,
100.0,100.0,,
99.9,99.9,,
100.0,100.0,,
100.0,100.0,,
100.0,100.0,,
100.0,100.0,,
100.0,100.0,,
100.1,100.1,,
99.9,99.9,,
99.9,99.9,,
100.0,100.0,,
100.0,100.0,,
100.0,100.0,,
100.0,100.0,,
99.3,99.3,,
100.0,100.0,,
100.0,100.0,,
100.1,100.1,,
100.0,100.0,,
100.0,100.0,,
100.0,100.0,,
99.9,99.9,,
100.0,100.0,,
99.9,99.9,,
100.0,100.0,,
100.0,100.0,,
99.9,99.9,,
100.0,100.0,,
99.9,99.9,,
100.0,100.0,,
99.9,99.9,,
100.0,100.0,,
100.0,100.0,,
100.0,100.0,,
100.0,100.0,,
100.0,100.0,,
100.0,100.0,,
100.0,100.0,,
100.0,100.0,,
100.0,100.0,,
100.0,100.0,,
100.0,100.0,,
100.0,100.0,,
100.0,100.0,,
100.0,100.0,,
100.0,100.0,,
100.0,100.0,,
100.0,100.0,,
100.0,100.0,,
99.9,99.9,,
100.0,100.0,,
100.0,100.0,,
100.0,100.0,,
100.0,100.0,,
99.9,99.9,,
100.0,100.0,,
100.0,100.0,,
100.0,100.0,,
99.9,99.9,,
100.0,100.0,,
100.0,100.0,,
100.0,100.0,,
99.9,99.9,,
99.9,99.9,,
99.9,99.9,,
100.0,100.0,,
100.0,100.0,,
100.0,100.0,,
100.0,100.0,,
100.0,100.0,,
100.0,100.0,,
100.0,100.0,,
100.0,100.0,,
100.0,100.0,,
100.0,100.0,,
99.3,99.3,,
100.0,100.0,,
99.9,99.9,,
100.0,100.0,,
100.0,100.0,,
100.0,100.0,,
100.0,100.0,,
100.0,100.0,,
100.0,100.0,,
100.0,100.0,,
100.0,100.0,,
100.0,100.0,,
100.0,100.0,,
100.0,100.0,,
99.9,99.9,,
99.9,99.9,,
99.9,99.9,,
100.0,100.0,,
100.0,100.0,,
100.0,100.0,,
99.9,99.9,,
100.0,100.0,,
100.0,100.0,,
100.0,100.0,,
100.0,100.0,,
100.0,100.0,,
100.0,100.0,,
99.9,99.9,,
100.0,100.0,,
100.0,100.0,,
100.0,100.0,,
100.1,100.1,,
100.0,100.0,,
99.9,99.9,,
100.0,100.0,,
100.0,100.0,,
100.0,100.0,,
100.0,100.0,,
100.0,100.0,,
99.9,99.9,,
99.9,99.9,,
100.0,100.0,,
100.0,100.0,,
100.0,100.0,,
99.9,99.9,,
100.0,100.0,,
100.1,100.1,,
100.0,100.0,,
100.1,100.1,,
99.9,99.9,,
100.0,100.0,,
99.9,99.9,,
100.0,100.0,,
100.1,100.1,,
100.0,100.0,,
100.0,100.0,,
100.0,100.0,,
100.0,100.0,,
100.0,100.0,,
100.0,100.0,,
100.0,100.0,,
100.0,100.0,,
100.1,100.1,,
100.1,100.1,,
100.0,100.0,,
100.0,100.0,,
100.0,100.0,,
100.0,100.0,,
100.0,100.0,,
99.9,99.9,,
100.0,100.0,,
100.0,100.0,,
100.0,100.0,,
99.9,99.9,,
100.0,100.0,,
100.0,100.0,,
100.1,100.1,,
99.9,99.9,,
100.0,100.0,,
100.0,100.0,,
100.0,100.0,,
100.1,100.1,,
100.0,100.0,,
100.0,100.0,,
100.0,100.0,,
100.0,100.0,,
100.0,100.0,,
100.0,100.0,,
100.0,100.0,,
100.0,100.0,,
100.0,100.0,,
100.0,100.0,,
100.0,100.0,,
99.9,99.9,,
100.0,100.0,,
100.0,100.0,,
100.0,100.0,,
100.0,100.0,,
100.0,100.0,,
99.9,99.9,,
100.0,100.0,,
100.0,100.0,,
100.0,100.0,,
100.0,100.0,,
100.0,100.0,,
100.0,100.0,,
100.0,100.0,,
100.0,100.0,,
100.0,100.0,,
100.0,100.0,,
99.9,99.9,,
99.9,99.9,,
100.0,100.0,,
99.9,99.9,,
100.0,100.0,,
100.0,100.0,,
100.0,100.0,,
100.0,100.0,,
100.0,100.0,,
100.0,100.0,,
100.0,100.0,,
100.0,100.0,,
100.0,100.0,,
100.0,100.0,,
100.0,100.0,,
100.0,100.0,,
99.9,99.9,,
100.0,100.0,,
100.0,100.0,,
100.0,100.0,,
100.0,100.0,,
100.0,100.0,,
99.9,99.9,,
100.0,100.0,,
100.0,100.0,,
100.0,100.0,,
100.0,100.0,,
100.0,100.0,,
100.0,100.0,,
99.9,99.9,,
100.0,100.0,,
99.3,99.3,,
100.0,100.0,,
100.1,100.1,,
99.3,99.3,,
99.9,99.9,,
100.0,100.0,,
100.0,100.0,,
100.0,100.0,,
100.0,100.0,,
100.0,100.0,,
100.0,100.0,,
100.0,100.0,,
99.9,99.9,,
100.0,100.0,,
100.0,100.0,,
100.0,100.0,,
100.0,100.0,,
99.9,99.9,,
100.0,100.0,,
100.0,100.0,,
100.0,100.0,,
99.9,99.9,,
100.0,100.0,,
100.0,100.0,,
99.9,99.9,,
100.0,100.0,,
100.0,100.0,,
100.0,100.0,,
100.0,100.0,,
100.0,100.0,,
100.0,100.0,,
100.0,100.0,,
100.0,100.0,,
100.0,100.0,,
100.0,100.0,,
99.9,99.9,,
100.0,100.0,,
100.0,100.0,,
99.9,99.9,,
100.0,100.0,,
100.0,100.0,,
100.0,100.0,,
100.0,100.0,,
100.0,100.0,,
100.0,100.0,,
99.9,99.9,,
100.0,100.0,,
100.0,100.0,,
100.0,100.0,,
100.0,100.0,,
100.0,100.0,,
100.0,100.0,,
100.0,100.0,,
100.0,100.0,,
100.0,100.0,,
100.0,100.0,,
100.0,100.0,,
100.0,100.0,,
100.0,100.0,,
100.0,100.0,,
100.0,100.0,,
100.1,100.1,,
100.0,100.0,,
100.0,100.0,,
100.0,100.0,,
100.0,100.0,,
99.9,99.9,,
100.0,100.0,,
99.9,99.9,,
99.9,99.9,,
100.0,100.0,,
100.0,100.0,,
100.0,100.0,,
100.0,100.0,,
100.0,100.0,,
100.0,100.0,,
100.0,100.0,,
100.0,100.0,,
100.0,100.0,,
99.9,99.9,,
100.0,100.0,,
100.1,100.1,,
100.0,100.0,,
100.0,100.0,,
100.0,100.0,,
100.0,100.0,,
100.0,100.0,,
100.0,100.0,,
100.0,100.0,,
100.0,100.0,,
100.0,100.0,,
100.0,100.0,,
100.0,100.0,,
100.0,100.0,,
100.0,100.0,,
100.0,100.0,,
100.0,100.0,,
99.9,99.9,,
100.0,100.0,,
99.9,99.9,,
99.9,99.9,,
100.0,100.0,,
99.9,99.9,,
100.0,100.0,,
100.0,100.0,,
99.9,99.9,,
100.0,100.0,,
99.9,99.9,,
100.0,100.0,,
100.0,100.0,,
100.0,100.0,,
100.0,100.0,,
100.0,100.0,,
100.0,100.0,,
99.9,99.9,,
100.0,100.0,,
100.1,100.1,,
100.0,100.0,,
100.0,100.0,,
99.9,99.9,,
99.9,99.9,,
100.0,100.0,,
100.0,100.0,,
100.0,100.0,,
100.0,100.0,,
100.0,100.0,,
99.9,99.9,,
100.1,100.1,,
99.9,99.9,,
100.0,100.0,,
100.0,100.0,,
100.0,100.0,,
100.0,100.0,,
100.0,100.0,,
99.9,99.9,,
100.0,100.0,,
100.0,100.0,,
100.0,100.0,,
100.0,100.0,,
100.0,100.0,,
100.0,100.0,,
100.0,100.0,,
100.0,100.0,,
100.0,100.0,,
100.0,100.0,,
100.0,100.0,,
100.0,100.0,,
100.0,100.0,,
99.9,99.9,,
99.9,99.9,,
100.0,100.0,,
99.9,99.9,,
100.0,100.0,,
99.9,99.9,,
100.0,100.0,,
100.0,100.0,,
100.0,100.0,,
100.0,100.0,,
100.0,100.0,,
100.0,100.0,,
100.0,100.0,,
99.9,99.9,,
100.0,100.0,,
100.0,100.0,,
99.9,99.9,,
100.0,100.0,,
100.0,100.0,,
100.0,100.0,,
100.0,100.0,,
100.0,100.0,,
99.9,99.9,,
99.9,99.9,,
100.0,100.0,,
100.1,100.1,,
100.0,100.0,,
100.0,100.0,,
100.0,100.0,,
100.0,100.0,,
100.0,100.0,,
100.0,100.0,,
100.0,100.0,,
100.0,100.0,,
